{
  "type": "FeatureCollection",
  "features": [
    {
      "type": "Feature",
      "id": "ATCCS_ESMM.10447",
      "geometry": {
        "type": "Polygon",
        "coordinates": [
          [
            [11.98361111, 59.90055556],
            [11.94444444, 59.89055556],
            [11.94194444, 59.89],
            [11.9325, 59.88638889],
            [11.93083333, 59.88638889],
            [11.92888889, 59.88583333],
            [11.92694444, 59.88444444],
            [11.92277778, 59.88277778],
            [11.92083333, 59.88166667],
            [11.92027778, 59.87916667],
            [11.92055556, 59.87833333],
            [11.92222222, 59.87638889],
            [11.9225, 59.87527778],
            [11.92111111, 59.87388889],
            [11.91666667, 59.87277778],
            [11.91611111, 59.87277778],
            [11.91416667, 59.87194444],
            [11.91166667, 59.87166667],
            [11.90944444, 59.87222222],
            [11.90361111, 59.87222222],
            [11.90083333, 59.87222222],
            [11.89861111, 59.87166667],
            [11.89611111, 59.87138889],
            [11.89361111, 59.87194444],
            [11.89111111, 59.87222222],
            [11.88527778, 59.87194444],
            [11.88222222, 59.86972222],
            [11.88111111, 59.86805556],
            [11.88111111, 59.86666667],
            [11.8825, 59.86527778],
            [11.88444444, 59.8625],
            [11.88805556, 59.85944444],
            [11.88805556, 59.85888889],
            [11.88527778, 59.85666667],
            [11.88361111, 59.85555556],
            [11.87944444, 59.85388889],
            [11.87722222, 59.85305556],
            [11.875, 59.8525],
            [11.87333333, 59.85138889],
            [11.86944444, 59.85],
            [11.86694444, 59.84916667],
            [11.86472222, 59.84805556],
            [11.85722222, 59.84638889],
            [11.85361111, 59.84444444],
            [11.85083333, 59.84444444],
            [11.84305556, 59.84194444],
            [11.83944444, 59.84138889],
            [11.84, 59.84055556],
            [11.84194444, 59.83805556],
            [11.84305556, 59.8375],
            [11.84444444, 59.83638889],
            [11.85055556, 59.83277778],
            [11.85277778, 59.83027778],
            [11.85694444, 59.82944444],
            [11.85833333, 59.82944444],
            [11.86083333, 59.83],
            [11.86194444, 59.83],
            [11.865, 59.82972222],
            [11.86861111, 59.82888889],
            [11.87111111, 59.82861111],
            [11.87222222, 59.82833333],
            [11.87388889, 59.82861111],
            [11.87472222, 59.82888889],
            [11.87611111, 59.82861111],
            [11.87694444, 59.82805556],
            [11.87805556, 59.82777778],
            [11.885, 59.82444444],
            [11.88777778, 59.82222222],
            [11.88972222, 59.82138889],
            [11.88972222, 59.82055556],
            [11.89138889, 59.81861111],
            [11.89444444, 59.81611111],
            [11.9, 59.81305556],
            [11.90194444, 59.8125],
            [11.90444444, 59.81138889],
            [11.90555556, 59.80944444],
            [11.90583333, 59.80638889],
            [11.90888889, 59.80361111],
            [11.90888889, 59.80305556],
            [11.91, 59.80166667],
            [11.91083333, 59.80138889],
            [11.91222222, 59.80027778],
            [11.91333333, 59.80027778],
            [11.91388889, 59.79972222],
            [11.91555556, 59.79861111],
            [11.91861111, 59.79777778],
            [11.91972222, 59.79722222],
            [11.92111111, 59.79611111],
            [11.92444444, 59.79472222],
            [11.92611111, 59.79388889],
            [11.92694444, 59.79166667],
            [11.92666667, 59.79027778],
            [11.92666667, 59.78888889],
            [11.92611111, 59.78861111],
            [11.92583333, 59.78611111],
            [11.92611111, 59.78416667],
            [11.92777778, 59.78],
            [11.92916667, 59.77833333],
            [11.92972222, 59.77583333],
            [11.93138889, 59.77361111],
            [11.93111111, 59.7725],
            [11.93055556, 59.77166667],
            [11.93027778, 59.77055556],
            [11.93111111, 59.77],
            [11.93194444, 59.76972222],
            [11.93166667, 59.76861111],
            [11.93194444, 59.76777778],
            [11.9325, 59.76722222],
            [11.93166667, 59.76472222],
            [11.93222222, 59.76388889],
            [11.93027778, 59.76277778],
            [11.92888889, 59.76194444],
            [11.93333333, 59.76027778],
            [11.93305556, 59.75916667],
            [11.93194444, 59.75722222],
            [11.92472222, 59.75305556],
            [11.92472222, 59.75222222],
            [11.9225, 59.75055556],
            [11.92277778, 59.74944444],
            [11.92361111, 59.74833333],
            [11.92555556, 59.74527778],
            [11.92861111, 59.74222222],
            [11.93277778, 59.73972222],
            [11.93361111, 59.73888889],
            [11.93361111, 59.73777778],
            [11.9325, 59.73611111],
            [11.93333333, 59.735],
            [11.93333333, 59.73444444],
            [11.9325, 59.73416667],
            [11.93277778, 59.73305556],
            [11.93361111, 59.73138889],
            [11.93333333, 59.73055556],
            [11.9325, 59.73027778],
            [11.93305556, 59.73],
            [11.93416667, 59.72972222],
            [11.93694444, 59.72916667],
            [11.93833333, 59.72805556],
            [11.93611111, 59.72611111],
            [11.93666667, 59.72527778],
            [11.93666667, 59.72416667],
            [11.93694444, 59.72111111],
            [11.93666667, 59.71777778],
            [11.93722222, 59.71694444],
            [11.93666667, 59.71638889],
            [11.93611111, 59.71472222],
            [11.93638889, 59.71333333],
            [11.93583333, 59.71194444],
            [11.93416667, 59.71166667],
            [11.93333333, 59.71055556],
            [11.93527778, 59.70972222],
            [11.93611111, 59.70944444],
            [11.93638889, 59.70888889],
            [11.93722222, 59.70861111],
            [11.9375, 59.70694444],
            [11.93694444, 59.70666667],
            [11.9375, 59.70611111],
            [11.93805556, 59.70472222],
            [11.93722222, 59.7025],
            [11.9375, 59.70166667],
            [11.9375, 59.70027778],
            [11.93805556, 59.69972222],
            [11.93916667, 59.69972222],
            [11.94027778, 59.7],
            [11.94277778, 59.70027778],
            [11.94527778, 59.70055556],
            [11.94611111, 59.70027778],
            [11.94583333, 59.69972222],
            [11.945, 59.69888889],
            [11.945, 59.69805556],
            [11.94361111, 59.69805556],
            [11.9425, 59.69777778],
            [11.94138889, 59.69555556],
            [11.94055556, 59.695],
            [11.93888889, 59.69472222],
            [11.88916667, 59.69305556],
            [11.87833333, 59.6825],
            [11.87555556, 59.6725],
            [11.87055556, 59.6625],
            [11.86277778, 59.65277778],
            [11.85666667, 59.64888889],
            [11.85555556, 59.64861111],
            [11.855, 59.64805556],
            [11.81083333, 59.645],
            [11.78972222, 59.64388889],
            [11.77916667, 59.64305556],
            [11.76138889, 59.63722222],
            [11.72083333, 59.62555556],
            [11.71611111, 59.62194444],
            [11.69805556, 59.60888889],
            [11.69111111, 59.58972222],
            [11.72527778, 59.51805556],
            [11.89444444, 59.62777778],
            [12.09888889, 59.89055556],
            [12.05305556, 59.88583333],
            [12.045, 59.88694444],
            [12.03166667, 59.88944444],
            [12.00916667, 59.89277778],
            [12, 59.89555556],
            [11.99333333, 59.8975],
            [11.98694444, 59.89888889],
            [11.98361111, 59.90055556]
          ]
        ]
      },
      "geometry_name": "GEOMETRY",
      "properties": {
        "NAMEOFAREA": "ESMM 4:7",
        "VERTICALFILTER": "LOWER",
        "UPPER": 65,
        "LOWER": 0}
    },
    {
      "type": "Feature",
      "id": "ATCCS_ESMM.10448",
      "geometry": {
        "type": "Polygon",
        "coordinates": [
          [
            [12.09888889, 59.89055556],
            [12.10861111, 59.78027778],
            [11.90833333, 59.48888889],
            [11.86222222, 59.07194444],
            [11.69166667, 58.88333333],
            [11.15583333, 58.84138889],
            [11.0275, 58.875],
            [11.25694444, 58.89583333],
            [11.45611111, 58.88833333],
            [11.46361111, 58.88972222],
            [11.48305556, 58.89138889],
            [11.48583333, 58.89111111],
            [11.48944444, 58.89],
            [11.4925, 58.88888889],
            [11.49472222, 58.88861111],
            [11.49777778, 58.88888889],
            [11.50166667, 58.88888889],
            [11.51, 58.88527778],
            [11.51444444, 58.88222222],
            [11.51583333, 58.88138889],
            [11.51694444, 58.88138889],
            [11.5175, 58.88111111],
            [11.5175, 58.87972222],
            [11.51972222, 58.87888889],
            [11.52277778, 58.87861111],
            [11.52472222, 58.87805556],
            [11.52555556, 58.87777778],
            [11.52861111, 58.8775],
            [11.53111111, 58.87805556],
            [11.53194444, 58.87833333],
            [11.53305556, 58.87861111],
            [11.53416667, 58.87861111],
            [11.535, 58.87833333],
            [11.53777778, 58.87805556],
            [11.53861111, 58.87888889],
            [11.53888889, 58.88055556],
            [11.53916667, 58.88194444],
            [11.53861111, 58.88277778],
            [11.5375, 58.88388889],
            [11.53555556, 58.88472222],
            [11.53611111, 58.88527778],
            [11.53694444, 58.88555556],
            [11.53805556, 58.88555556],
            [11.53916667, 58.88611111],
            [11.54055556, 58.8875],
            [11.5425, 58.88805556],
            [11.54416667, 58.89027778],
            [11.54583333, 58.89222222],
            [11.54583333, 58.89361111],
            [11.54777778, 58.89527778],
            [11.54888889, 58.89555556],
            [11.55027778, 58.89694444],
            [11.55194444, 58.8975],
            [11.5525, 58.89805556],
            [11.55583333, 58.89861111],
            [11.55666667, 58.89861111],
            [11.55722222, 58.89833333],
            [11.55833333, 58.8975],
            [11.56194444, 58.89611111],
            [11.56277778, 58.89444444],
            [11.56361111, 58.89361111],
            [11.56472222, 58.89277778],
            [11.56527778, 58.89222222],
            [11.56555556, 58.89166667],
            [11.56777778, 58.89027778],
            [11.56972222, 58.88916667],
            [11.56972222, 58.88861111],
            [11.57055556, 58.88833333],
            [11.57277778, 58.88805556],
            [11.57388889, 58.88888889],
            [11.57416667, 58.89],
            [11.57527778, 58.89166667],
            [11.57666667, 58.89388889],
            [11.57722222, 58.89611111],
            [11.5775, 58.89694444],
            [11.57833333, 58.89722222],
            [11.57888889, 58.89722222],
            [11.58055556, 58.89611111],
            [11.58166667, 58.89527778],
            [11.58277778, 58.89444444],
            [11.58333333, 58.89416667],
            [11.585, 58.89416667],
            [11.58611111, 58.89416667],
            [11.58805556, 58.89222222],
            [11.59055556, 58.89083333],
            [11.60111111, 58.895],
            [11.63138889, 58.90833333],
            [11.65194444, 58.90611111],
            [11.65666667, 58.92194444],
            [11.65611111, 58.92472222],
            [11.65638889, 58.92583333],
            [11.65694444, 58.92666667],
            [11.66, 58.92777778],
            [11.65916667, 58.92972222],
            [11.65972222, 58.93166667],
            [11.66027778, 58.93305556],
            [11.66333333, 58.93416667],
            [11.66638889, 58.93472222],
            [11.67083333, 58.93472222],
            [11.67583333, 58.935],
            [11.67555556, 58.9375],
            [11.67472222, 58.94],
            [11.67472222, 58.94138889],
            [11.67555556, 58.94277778],
            [11.6775, 58.94444444],
            [11.67972222, 58.94555556],
            [11.68138889, 58.94611111],
            [11.68194444, 58.94777778],
            [11.68166667, 58.94944444],
            [11.68166667, 58.95083333],
            [11.68222222, 58.95194444],
            [11.68416667, 58.95333333],
            [11.6875, 58.95527778],
            [11.68805556, 58.95722222],
            [11.68805556, 58.95916667],
            [11.6875, 58.96305556],
            [11.68888889, 58.97166667],
            [11.68805556, 58.97277778],
            [11.68638889, 58.97305556],
            [11.68583333, 58.97416667],
            [11.68666667, 58.97555556],
            [11.68805556, 58.97638889],
            [11.69, 58.97694444],
            [11.69166667, 58.97694444],
            [11.69305556, 58.97722222],
            [11.69277778, 58.97916667],
            [11.69222222, 58.98055556],
            [11.69166667, 58.98138889],
            [11.69166667, 58.9825],
            [11.69194444, 58.98361111],
            [11.69222222, 58.98444444],
            [11.69194444, 58.985],
            [11.69138889, 58.98555556],
            [11.69055556, 58.98555556],
            [11.68472222, 58.98777778],
            [11.685, 58.98888889],
            [11.68611111, 58.98972222],
            [11.68694444, 58.99],
            [11.68972222, 58.99166667],
            [11.69194444, 58.99277778],
            [11.69277778, 58.99388889],
            [11.69333333, 58.99611111],
            [11.69444444, 58.99666667],
            [11.69444444, 58.99805556],
            [11.69805556, 58.99944444],
            [11.70194444, 59.00138889],
            [11.70361111, 59.01138889],
            [11.71055556, 59.03361111],
            [11.72055556, 59.03861111],
            [11.72222222, 59.04083333],
            [11.72444444, 59.0425],
            [11.7275, 59.04444444],
            [11.72888889, 59.04583333],
            [11.73111111, 59.0475],
            [11.73388889, 59.04916667],
            [11.735, 59.05],
            [11.73638889, 59.05111111],
            [11.73888889, 59.05333333],
            [11.74111111, 59.05527778],
            [11.74416667, 59.06083333],
            [11.74916667, 59.06722222],
            [11.75194444, 59.07027778],
            [11.75805556, 59.07472222],
            [11.76333333, 59.07861111],
            [11.76833333, 59.0825],
            [11.77083333, 59.08444444],
            [11.77166667, 59.08527778],
            [11.77333333, 59.08555556],
            [11.775, 59.08638889],
            [11.77611111, 59.08805556],
            [11.77722222, 59.08972222],
            [11.77694444, 59.09194444],
            [11.77694444, 59.09444444],
            [11.77722222, 59.09611111],
            [11.77722222, 59.09666667],
            [11.77888889, 59.09777778],
            [11.78027778, 59.09861111],
            [11.78, 59.09916667],
            [11.78, 59.10027778],
            [11.77805556, 59.10166667],
            [11.77666667, 59.10305556],
            [11.77611111, 59.105],
            [11.775, 59.1075],
            [11.77361111, 59.10944444],
            [11.77166667, 59.11027778],
            [11.76944444, 59.11111111],
            [11.76888889, 59.11194444],
            [11.76833333, 59.11305556],
            [11.76805556, 59.11388889],
            [11.76666667, 59.11444444],
            [11.76361111, 59.11472222],
            [11.76944444, 59.12666667],
            [11.77805556, 59.13611111],
            [11.77472222, 59.17055556],
            [11.78166667, 59.19305556],
            [11.78305556, 59.19583333],
            [11.78305556, 59.19888889],
            [11.78305556, 59.20361111],
            [11.78305556, 59.20666667],
            [11.78555556, 59.21138889],
            [11.78888889, 59.21416667],
            [11.79638889, 59.21944444],
            [11.79805556, 59.22111111],
            [11.79944444, 59.22388889],
            [11.80111111, 59.22555556],
            [11.81194444, 59.23194444],
            [11.82638889, 59.23777778],
            [11.82944444, 59.23916667],
            [11.83, 59.24111111],
            [11.82138889, 59.30138889],
            [11.82111111, 59.30277778],
            [11.82166667, 59.31166667],
            [11.81805556, 59.33277778],
            [11.81611111, 59.34472222],
            [11.80805556, 59.35416667],
            [11.79, 59.37111111],
            [11.79194444, 59.37416667],
            [11.78, 59.38638889],
            [11.7775, 59.39833333],
            [11.77416667, 59.41416667],
            [11.76111111, 59.42861111],
            [11.76, 59.45805556],
            [11.75833333, 59.46583333],
            [11.75305556, 59.47944444],
            [11.74555556, 59.49305556],
            [11.72861111, 59.51111111],
            [11.72527778, 59.51805556],
            [11.89444444, 59.62777778],
            [12.09888889, 59.89055556]
          ]
        ]
      },
      "geometry_name": "GEOMETRY",
      "properties": {
        "NAMEOFAREA": "ESMM 4:8",
        "VERTICALFILTER": "LOWER",
        "UPPER": 95,
        "LOWER": 0}
    },
    {
      "type": "Feature",
      "id": "ATCCS_ESMM.10449",
      "geometry": {
        "type": "Polygon",
        "coordinates": [
          [
            [11.33944444, 59.115],
            [11.36805556, 59.09833333],
            [11.37361111, 59.09277778],
            [11.38527778, 59.08083333],
            [11.38972222, 59.07666667],
            [11.41361111, 59.04027778],
            [11.41944444, 59.03361111],
            [11.43916667, 59.01694444],
            [11.4425, 59.01305556],
            [11.45111111, 59.00472222],
            [11.45527778, 59],
            [11.45555556, 58.99972222],
            [11.46444444, 58.99111111],
            [11.46055556, 58.98861111],
            [11.45805556, 58.98777778],
            [11.45638889, 58.98611111],
            [11.45388889, 58.98527778],
            [11.45666667, 58.98055556],
            [11.46194444, 58.97333333],
            [11.46194444, 58.96972222],
            [11.45972222, 58.9525],
            [11.46083333, 58.94416667],
            [11.46138889, 58.94222222],
            [11.46222222, 58.94083333],
            [11.46361111, 58.93333333],
            [11.45611111, 58.91666667],
            [11.45611111, 58.89805556],
            [11.45583333, 58.89472222],
            [11.45666667, 58.89194444],
            [11.45555556, 58.88916667],
            [11.45611111, 58.88833333],
            [11.25694444, 58.89583333],
            [11.0275, 58.875],
            [10.72972222, 58.84722222],
            [10.70083333, 58.73277778],
            [10.64805556, 58.70916667],
            [10.57027778, 58.69694444],
            [10.63888889, 58.89222222],
            [10.82916667, 58.92638889],
            [10.91694444, 58.9425],
            [10.92555556, 58.94444444],
            [10.97277778, 58.9575],
            [10.98694444, 58.96111111],
            [11.06472222, 58.97722222],
            [11.06722222, 58.97833333],
            [11.085, 58.98805556],
            [11.09333333, 58.99277778],
            [11.10055556, 58.99944444],
            [11.10111111, 59],
            [11.11722222, 59.01583333],
            [11.15333333, 59.07916667],
            [11.17777778, 59.08222222],
            [11.19916667, 59.08472222],
            [11.225, 59.0875],
            [11.22833333, 59.08833333],
            [11.23138889, 59.08916667],
            [11.24361111, 59.09222222],
            [11.2525, 59.09472222],
            [11.25444444, 59.095],
            [11.25916667, 59.09638889],
            [11.26194444, 59.09666667],
            [11.27, 59.0975],
            [11.27361111, 59.09805556],
            [11.28583333, 59.09888889],
            [11.28805556, 59.09944444],
            [11.29055556, 59.1],
            [11.30333333, 59.10638889],
            [11.32472222, 59.11111111],
            [11.33944444, 59.115]
          ]
        ]
      },
      "geometry_name": "GEOMETRY",
      "properties": {
        "NAMEOFAREA": "ESMM 4:9",
        "VERTICALFILTER": "LOWER",
        "UPPER": 45,
        "LOWER": 0}
    },
    {
      "type": "Feature",
      "id": "ATCCS_ESMM.10450",
      "geometry": {
        "type": "Polygon",
        "coordinates": [
          [
            [12.7075, 57.55222222],
            [12.78277778, 57.32083333],
            [12.85972222, 57.08444444],
            [12.55222222, 56.92277778],
            [12.06944444, 56.60027778],
            [11.95583333, 56.52333333],
            [11.76611111, 56.98555556],
            [12.15638889, 57.30805556],
            [12.42916667, 57.43027778],
            [12.7075, 57.55222222]
          ]
        ]
      },
      "geometry_name": "GEOMETRY",
      "properties": {
        "NAMEOFAREA": "ESMM 4:1",
        "VERTICALFILTER": "UPPER",
        "UPPER": 999,
        "LOWER": 285,
        "COMMENT_2": "Delegated area C, see para 3"}
    },
    {
      "type": "Feature",
      "id": "ATCCS_ESMM.10437",
      "geometry": {
        "type": "Polygon",
        "coordinates": [
          [
            [11.76611111, 56.98555556],
            [12.06944444, 56.60027778],
            [12.235, 56.38805556],
            [12.36805556, 56.21472222],
            [12.44277778, 56.16472222],
            [12.41277778, 56.15638889],
            [12.135, 56.07583333],
            [11.95583333, 56.52333333],
            [11.76611111, 56.98555556]
          ]
        ]
      },
      "geometry_name": "GEOMETRY",
      "properties": {
        "NAMEOFAREA": "ESMM K:6",
        "VERTICALFILTER": "LOWER",
        "UPPER": 285,
        "LOWER": 95,
        "COMMENT_2": "Delegated area C, see para 3"}
    },
    {
      "type": "Feature",
      "id": "ATCCS_ESMM.10438",
      "geometry": {
        "type": "Polygon",
        "coordinates": [
          [
            [13.19916667, 57.76722222],
            [12.69583333, 57.2275],
            [11.76611111, 56.98555556],
            [12.15638889, 57.30805556],
            [12.42916667, 57.43027778],
            [12.7075, 57.55222222],
            [13.19916667, 57.76722222]
          ]
        ]
      },
      "geometry_name": "GEOMETRY",
      "properties": {
        "NAMEOFAREA": "ESMM K:2",
        "VERTICALFILTER": "LOWER",
        "UPPER": 285,
        "LOWER": 155}
    },
    {
      "type": "Feature",
      "id": "ATCCS_ESMM.10451",
      "geometry": {
        "type": "Polygon",
        "coordinates": [
          [
            [13.17111111, 59.5125],
            [13.69055556, 59.29888889],
            [14.62027778, 58.90472222],
            [14.33944444, 58.78777778],
            [14.26833333, 58.63472222],
            [14.1875, 58.45833333],
            [14.16388889, 58.24305556],
            [13.96777778, 58.03388889],
            [13.60722222, 57.53666667],
            [13.19916667, 57.76722222],
            [13.27694444, 58.09694444],
            [13.32444444, 58.29527778],
            [13.32444444, 58.51694444],
            [13.16388889, 58.73277778],
            [12.60777778, 58.76055556],
            [12.91388889, 59.24166667],
            [13.17111111, 59.5125]
          ]
        ]
      },
      "geometry_name": "GEOMETRY",
      "properties": {
        "NAMEOFAREA": "ESMM 5:1",
        "VERTICALFILTER": "UPPER",
        "UPPER": 999,
        "LOWER": 0}
    },
    {
      "type": "Feature",
      "id": "ATCCS_ESMM.10452",
      "geometry": {
        "type": "Polygon",
        "coordinates": [
          [
            [12.60777778, 58.76055556],
            [13.16388889, 58.73277778],
            [13.32444444, 58.51694444],
            [13.32444444, 58.29527778],
            [13.27694444, 58.09694444],
            [13.12972222, 58.1],
            [12.785, 58.10805556],
            [12.52222222, 58.11305556],
            [12.40888889, 58.45055556],
            [12.60777778, 58.76055556]
          ]
        ]
      },
      "geometry_name": "GEOMETRY",
      "properties": {
        "NAMEOFAREA": "ESMM 5:2",
        "VERTICALFILTER": "UPPER",
        "UPPER": 999,
        "LOWER": 95}
    },
    {
      "type": "Feature",
      "id": "ATCCS_ESMM.10453",
      "geometry": {
        "type": "Polygon",
        "coordinates": [
          [
            [13.19916667, 57.76722222],
            [13.60722222, 57.53666667],
            [13.7025, 57.51638889],
            [12.85972222, 57.08444444],
            [12.78277778, 57.32083333],
            [12.7075, 57.55222222],
            [13.19916667, 57.76722222]
          ]
        ]
      },
      "geometry_name": "GEOMETRY",
      "properties": {
        "NAMEOFAREA": "ESMM 5:3",
        "VERTICALFILTER": "UPPER",
        "UPPER": 999,
        "LOWER": 285}
    },
    {
      "type": "Feature",
      "id": "ATCCS_ESMM.10454",
      "geometry": {
        "type": "Polygon",
        "coordinates": [
          [
            [15.17944444, 58.65027778],
            [15.21055556, 58.635],
            [15.525, 58.47694444],
            [14.3275, 57.83888889],
            [13.7025, 57.51638889],
            [13.60722222, 57.53666667],
            [13.96777778, 58.03388889],
            [14.16388889, 58.24305556],
            [15.17944444, 58.65027778]
          ]
        ]
      },
      "geometry_name": "GEOMETRY",
      "properties": {
        "NAMEOFAREA": "ESMM 5:4",
        "VERTICALFILTER": "UPPER",
        "UPPER": 999,
        "LOWER": 285
      }
    },
    {
      "type": "Feature",
      "id": "ATCCS_ESMM.10455",
      "geometry": {
        "type": "Polygon",
        "coordinates": [
          [
            [14.62027778, 58.90472222],
            [14.98277778, 58.74666667],
            [15.17944444, 58.65027778],
            [14.16388889, 58.24305556],
            [14.1875, 58.45833333],
            [14.26833333, 58.63472222],
            [14.33944444, 58.78777778],
            [14.62027778, 58.90472222]
          ]
        ]
      },
      "geometry_name": "GEOMETRY",
      "properties": {
        "NAMEOFAREA": "ESMM 5:5",
        "VERTICALFILTER": "UPPER",
        "UPPER": 999,
        "LOWER": 195}
    },
    {
      "type": "Feature",
      "id": "ATCCS_ESMM.10456",
      "geometry": {
        "type": "Polygon",
        "coordinates": [
          [
            [12.52222222, 58.11305556],
            [12.785, 58.10805556],
            [13.12972222, 58.1],
            [13.27694444, 58.09694444],
            [13.19916667, 57.76722222],
            [12.7075, 57.55222222],
            [12.61138889, 57.84833333],
            [12.52222222, 58.11305556]
          ]
        ]
      },
      "geometry_name": "GEOMETRY",
      "properties": {
        "NAMEOFAREA": "ESMM 5:6",
        "VERTICALFILTER": "UPPER",
        "UPPER": 999,
        "LOWER": 155}
    },
    {
      "type": "Feature",
      "id": "ATCCS_ESMM.10457",
      "geometry": {
        "type": "Polygon",
        "coordinates": [
          [
            [14.59166667, 54.76666667],
            [14.6625, 54.58333333],
            [15.23333333, 54.58333333],
            [15.44833333, 54.58583333],
            [15.55333333, 54.53166667],
            [15.39611111, 54.385],
            [15.05583333, 54.2625],
            [14.28055556, 54.33333333],
            [14.32472222, 54.66666667],
            [14.33666667, 54.75944444],
            [14.59166667, 54.76666667]
          ]
        ]
      },
      "geometry_name": "GEOMETRY",
      "properties": {
        "NAMEOFAREA": "ESMM 8:2",
        "VERTICALFILTER": "UPPER",
        "UPPER": 365,
        "LOWER": 245}
    },
    {
      "type": "Feature",
      "id": "ATCCS_ESMM.10458",
      "geometry": {
        "type": "Polygon",
        "coordinates": [
          [
            [14.53666667, 56.31666667],
            [14.83361111, 56.10944444],
            [15.06333333, 55.94916667],
            [14.73722222, 55.3375],
            [14.3575, 54.91666667],
            [14.33666667, 54.75944444],
            [14.32472222, 54.66666667],
            [13.76083333, 54.91666667],
            [12.85, 54.91666667],
            [12.84222222, 55.51694444],
            [12.89361111, 55.5425],
            [13.09333333, 55.64194444],
            [13.34722222, 55.76666667],
            [13.70388889, 55.88055556],
            [14.53666667, 56.31666667]
          ]
        ]
      },
      "geometry_name": "GEOMETRY",
      "properties": {
        "NAMEOFAREA": "ESMM 8:3",
        "VERTICALFILTER": "UPPER",
        "UPPER": 365,
        "LOWER": 285}
    },
    {
      "type": "Feature",
      "id": "ATCCS_ESMM.10459",
      "geometry": {
        "type": "Polygon",
        "coordinates": [
          [
            [14.53666667, 56.31666667],
            [14.83361111, 56.10944444],
            [15.06333333, 55.94916667],
            [16.23611111, 55.13361111],
            [15.86666667, 54.91666667],
            [15.71916667, 54.685],
            [15.55333333, 54.53166667],
            [15.39611111, 54.385],
            [15.05583333, 54.2625],
            [14.28055556, 54.33333333],
            [14.32472222, 54.66666667],
            [13.76083333, 54.91666667],
            [12.85, 54.91666667],
            [12.84222222, 55.51694444],
            [12.89361111, 55.5425],
            [13.09333333, 55.64194444],
            [13.34722222, 55.76666667],
            [13.70388889, 55.88055556],
            [14.53666667, 56.31666667]
          ]
        ]
      },
      "geometry_name": "GEOMETRY",
      "properties": {
        "NAMEOFAREA": "ESMM 9:1",
        "VERTICALFILTER": "UPPER",
        "UPPER": 999,
        "LOWER": 365}
    },
    {
      "type": "Feature",
      "id": "ATCCS_ESMM.10446",
      "geometry": {
        "type": "Polygon",
        "coordinates": [
          [
            [12.4975, 58.76611111],
            [12.60777778, 58.76055556],
            [12.40888889, 58.45055556],
            [12.52222222, 58.11305556],
            [12.35388889, 58.11638889],
            [12.23611111, 58.17694444],
            [12.08861111, 58.25305556],
            [11.9975, 58.29972222],
            [11.995, 58.46472222],
            [12.4975, 58.76611111]
          ]
        ]
      },
      "geometry_name": "GEOMETRY",
      "properties": {
        "NAMEOFAREA": "ESMM 4:6",
        "VERTICALFILTER": "UPPER",
        "UPPER": 999,
        "LOWER": 95}
    },
    {
      "type": "Feature",
      "id": "ATCCS_ESMM.10460",
      "geometry": {
        "type": "Polygon",
        "coordinates": [
          [
            [12.65694444, 56.03277778],
            [12.67944444, 56.03277778],
            [12.73222222, 55.99944444],
            [12.86555556, 55.97611111],
            [13.11555556, 55.73277778],
            [13.05722222, 55.67444444],
            [12.89888889, 55.74944444],
            [12.83222222, 55.85777778],
            [12.67861111, 55.89166667],
            [12.67833333, 55.89194444],
            [12.67833333, 55.89222222],
            [12.6775, 55.89305556],
            [12.67527778, 55.89527778],
            [12.67333333, 55.89722222],
            [12.67138889, 55.89861111],
            [12.66833333, 55.90111111],
            [12.66583333, 55.90305556],
            [12.66444444, 55.90444444],
            [12.66222222, 55.90638889],
            [12.66138889, 55.9075],
            [12.66, 55.90861111],
            [12.65888889, 55.91],
            [12.6575, 55.91138889],
            [12.65638889, 55.91277778],
            [12.655, 55.91416667],
            [12.65416667, 55.915],
            [12.65361111, 55.91583333],
            [12.65277778, 55.91722222],
            [12.65194444, 55.91833333],
            [12.65111111, 55.91944444],
            [12.65055556, 55.92],
            [12.64944444, 55.92111111],
            [12.64888889, 55.92166667],
            [12.64833333, 55.92222222],
            [12.64722222, 55.92361111],
            [12.64666667, 55.92416667],
            [12.64638889, 55.92444444],
            [12.64611111, 55.92527778],
            [12.64583333, 55.92555556],
            [12.64555556, 55.92611111],
            [12.64555556, 55.92638889],
            [12.64555556, 55.92722222],
            [12.64583333, 55.93083333],
            [12.64694444, 55.93944444],
            [12.64777778, 55.94833333],
            [12.64861111, 55.95277778],
            [12.64944444, 55.95888889],
            [12.64944444, 55.96333333],
            [12.64972222, 55.96555556],
            [12.65027778, 55.96777778],
            [12.65027778, 55.96861111],
            [12.65027778, 55.96972222],
            [12.65055556, 55.97111111],
            [12.65694444, 56.03277778]
          ]
        ]
      },
      "geometry_name": "GEOMETRY",
      "properties": {
        "NAMEOFAREA": "ESMM K:8",
        "VERTICALFILTER": "LOWER",
        "UPPER": 25,
        "LOWER": 0,
        "COMMENT_2": "Delegated area L2, see para 3"}
    },
    {
      "type": "Feature",
      "id": "ATCCS_ESMM.10461",
      "geometry": {
        "type": "Polygon",
        "coordinates": [
          [
            [12.67916667, 55.89055556],
            [12.67861111, 55.89166667],
            [12.83222222, 55.85777778],
            [12.89888889, 55.74944444],
            [13.05722222, 55.67444444],
            [12.89888889, 55.56194444],
            [12.80861111, 55.54388889],
            [12.88194444, 55.61361111],
            [12.89583333, 55.64361111],
            [12.87777778, 55.66388889],
            [12.84722222, 55.69861111],
            [12.75944444, 55.78],
            [12.70916667, 55.82638889],
            [12.70055556, 55.83333333],
            [12.7, 55.83416667],
            [12.69972222, 55.83472222],
            [12.69888889, 55.83583333],
            [12.69805556, 55.83694444],
            [12.6975, 55.83888889],
            [12.68916667, 55.86972222],
            [12.68888889, 55.87111111],
            [12.68833333, 55.8725],
            [12.6875, 55.87388889],
            [12.68638889, 55.87583333],
            [12.68527778, 55.87777778],
            [12.68416667, 55.87972222],
            [12.68333333, 55.88194444],
            [12.68222222, 55.88444444],
            [12.67972222, 55.88916667],
            [12.67916667, 55.89055556]
          ]
        ]
      },
      "geometry_name": "GEOMETRY",
      "properties": {
        "NAMEOFAREA": "ESMM K:9",
        "VERTICALFILTER": "LOWER",
        "UPPER": 15,
        "LOWER": 0}
    },
    {
      "type": "Feature",
      "id": "ATCCS_ESMM.10462",
      "geometry": {
        "type": "Polygon",
        "coordinates": [
          [
            [12.99888889, 55.24944444],
            [12.99944444, 55.09444444],
            [13, 54.91666667],
            [12.85, 54.91666667],
            [12.69277778, 55.23333333],
            [12.99888889, 55.24944444]
          ]
        ]
      },
      "geometry_name": "GEOMETRY",
      "properties": {
        "NAMEOFAREA": "ESMM L:8",
        "VERTICALFILTER": "LOWER",
        "UPPER": 35,
        "LOWER": 0}
    },
    {
      "type": "Feature",
      "id": "ATCCS_ESMM.10463",
      "geometry": {
        "type": "Polygon",
        "coordinates": [
          [
            [15.11777778, 56.62805556],
            [15.12611111, 56.35],
            [15.06333333, 55.94916667],
            [14.73722222, 55.3375],
            [14.3575, 54.91666667],
            [13.76083333, 54.91666667],
            [13, 54.91666667],
            [12.99888889, 55.24944444],
            [13.02694444, 55.3675],
            [13.09333333, 55.64194444],
            [13.34722222, 55.76666667],
            [13.70388889, 55.88055556],
            [14.53666667, 56.31666667],
            [14.88916667, 56.50166667],
            [15.11777778, 56.62805556]
          ]
        ]
      },
      "geometry_name": "GEOMETRY",
      "properties": {
        "NAMEOFAREA": "ESMM L:1",
        "VERTICALFILTER": "LOWER",
        "UPPER": 285,
        "LOWER": 0}
    },
    {
      "type": "Feature",
      "id": "ATCCS_ESMM.10464",
      "geometry": {
        "type": "Polygon",
        "coordinates": [
          [
            [11.98416667, 59.90055556],
            [11.98583333, 59.89888889],
            [12.02416667, 59.89111111],
            [12.05333333, 59.88611111],
            [12.09888889, 59.89055556],
            [12.10861111, 59.78027778],
            [11.90833333, 59.48888889],
            [11.86222222, 59.07194444],
            [11.69166667, 58.88333333],
            [11.15583333, 58.84138889],
            [11.0275, 58.875],
            [10.82916667, 58.92638889],
            [10.91694444, 58.9425],
            [10.92555556, 58.94444444],
            [10.98388889, 58.96027778],
            [10.9925, 58.96194444],
            [11.03111111, 58.96944444],
            [11.04611111, 58.9725],
            [11.05638889, 58.97472222],
            [11.05916667, 58.975],
            [11.06361111, 58.97611111],
            [11.06666667, 58.9775],
            [11.07166667, 58.98027778],
            [11.08083333, 58.98527778],
            [11.08166667, 58.98555556],
            [11.09138889, 58.99055556],
            [11.1125, 59.00972222],
            [11.11722222, 59.01361111],
            [11.11944444, 59.01861111],
            [11.15333333, 59.0775],
            [11.15611111, 59.07916667],
            [11.22055556, 59.08694444],
            [11.22777778, 59.08805556],
            [11.24, 59.09111111],
            [11.24805556, 59.09361111],
            [11.25972222, 59.09666667],
            [11.26861111, 59.09777778],
            [11.28611111, 59.09888889],
            [11.28888889, 59.09944444],
            [11.29611111, 59.10277778],
            [11.3025, 59.10611111],
            [11.32305556, 59.11111111],
            [11.33611111, 59.11388889],
            [11.33972222, 59.11444444],
            [11.34305556, 59.11361111],
            [11.36194444, 59.10194444],
            [11.36694444, 59.09916667],
            [11.37111111, 59.09583333],
            [11.3925, 59.07277778],
            [11.40194444, 59.05777778],
            [11.41333333, 59.04083333],
            [11.415, 59.03944444],
            [11.41833333, 59.03722222],
            [11.41944444, 59.03611111],
            [11.4275, 59.03],
            [11.43027778, 59.02861111],
            [11.44, 59.01611111],
            [11.45305556, 59.00277778],
            [11.4575, 58.99833333],
            [11.46472222, 58.99111111],
            [11.45388889, 58.98555556],
            [11.4625, 58.97305556],
            [11.45972222, 58.9525],
            [11.46361111, 58.93333333],
            [11.45638889, 58.91666667],
            [11.45611111, 58.88972222],
            [11.4575, 58.88833333],
            [11.46361111, 58.88972222],
            [11.48305556, 58.89138889],
            [11.48583333, 58.89111111],
            [11.48944444, 58.89],
            [11.4925, 58.88888889],
            [11.49472222, 58.88861111],
            [11.49777778, 58.88888889],
            [11.50166667, 58.88888889],
            [11.51, 58.88527778],
            [11.51444444, 58.88222222],
            [11.51583333, 58.88138889],
            [11.51694444, 58.88138889],
            [11.5175, 58.88111111],
            [11.5175, 58.87972222],
            [11.51972222, 58.87888889],
            [11.52277778, 58.87861111],
            [11.52472222, 58.87805556],
            [11.52555556, 58.87777778],
            [11.52861111, 58.8775],
            [11.53111111, 58.87805556],
            [11.53194444, 58.87833333],
            [11.53305556, 58.87861111],
            [11.53416667, 58.87861111],
            [11.535, 58.87833333],
            [11.53777778, 58.87805556],
            [11.53861111, 58.87888889],
            [11.53888889, 58.88055556],
            [11.53916667, 58.88194444],
            [11.53861111, 58.88277778],
            [11.5375, 58.88388889],
            [11.53555556, 58.88472222],
            [11.53611111, 58.88527778],
            [11.53694444, 58.88555556],
            [11.53805556, 58.88555556],
            [11.53916667, 58.88611111],
            [11.54055556, 58.8875],
            [11.5425, 58.88805556],
            [11.54416667, 58.89027778],
            [11.54583333, 58.89222222],
            [11.54583333, 58.89361111],
            [11.54777778, 58.89527778],
            [11.54888889, 58.89555556],
            [11.55027778, 58.89694444],
            [11.55194444, 58.8975],
            [11.5525, 58.89805556],
            [11.55583333, 58.89861111],
            [11.55666667, 58.89861111],
            [11.55722222, 58.89833333],
            [11.55833333, 58.8975],
            [11.56194444, 58.89611111],
            [11.56277778, 58.89444444],
            [11.56361111, 58.89361111],
            [11.56472222, 58.89277778],
            [11.56527778, 58.89222222],
            [11.56555556, 58.89166667],
            [11.56777778, 58.89027778],
            [11.56972222, 58.88916667],
            [11.56972222, 58.88861111],
            [11.57055556, 58.88833333],
            [11.57277778, 58.88805556],
            [11.57388889, 58.88888889],
            [11.57416667, 58.89],
            [11.57527778, 58.89166667],
            [11.57666667, 58.89388889],
            [11.57722222, 58.89611111],
            [11.5775, 58.89694444],
            [11.57833333, 58.89722222],
            [11.57888889, 58.89722222],
            [11.58055556, 58.89611111],
            [11.58166667, 58.89527778],
            [11.58277778, 58.89444444],
            [11.58333333, 58.89416667],
            [11.585, 58.89416667],
            [11.58611111, 58.89416667],
            [11.58805556, 58.89222222],
            [11.59055556, 58.89083333],
            [11.60111111, 58.895],
            [11.63138889, 58.90833333],
            [11.65194444, 58.90611111],
            [11.6725, 58.93472222],
            [11.50972222, 59.50166667],
            [11.58555556, 59.61833333],
            [11.78111111, 59.64305556],
            [11.85583333, 59.64833333],
            [11.8625, 59.65277778],
            [11.87027778, 59.6625],
            [11.87527778, 59.6725],
            [11.87833333, 59.68305556],
            [11.88916667, 59.69333333],
            [11.93138889, 59.69444444],
            [11.94027778, 59.69472222],
            [11.94111111, 59.69583333],
            [11.94083333, 59.69694444],
            [11.94166667, 59.69777778],
            [11.94305556, 59.69861111],
            [11.94388889, 59.69944444],
            [11.94361111, 59.70027778],
            [11.94194444, 59.70055556],
            [11.94055556, 59.7],
            [11.93833333, 59.70027778],
            [11.9375, 59.70194444],
            [11.93833333, 59.70388889],
            [11.93833333, 59.70555556],
            [11.93777778, 59.70694444],
            [11.93777778, 59.70833333],
            [11.93777778, 59.70916667],
            [11.93611111, 59.71],
            [11.93444444, 59.71083333],
            [11.93444444, 59.71166667],
            [11.93583333, 59.71305556],
            [11.93666667, 59.71416667],
            [11.93666667, 59.715],
            [11.93666667, 59.71611111],
            [11.93694444, 59.71833333],
            [11.93694444, 59.72388889],
            [11.93694444, 59.72583333],
            [11.93722222, 59.72666667],
            [11.93888889, 59.72694444],
            [11.94027778, 59.72777778],
            [11.93944444, 59.72916667],
            [11.93722222, 59.72916667],
            [11.93527778, 59.72972222],
            [11.93361111, 59.73027778],
            [11.93333333, 59.73111111],
            [11.93361111, 59.73166667],
            [11.93361111, 59.73277778],
            [11.93361111, 59.73333333],
            [11.93305556, 59.73416667],
            [11.93277778, 59.735],
            [11.93361111, 59.7375],
            [11.93361111, 59.73916667],
            [11.9325, 59.74055556],
            [11.93, 59.74166667],
            [11.92861111, 59.7425],
            [11.92722222, 59.74416667],
            [11.92555556, 59.74694444],
            [11.92444444, 59.74944444],
            [11.92472222, 59.75138889],
            [11.92527778, 59.7525],
            [11.92555556, 59.75361111],
            [11.92777778, 59.75527778],
            [11.9325, 59.75916667],
            [11.93277778, 59.76027778],
            [11.93194444, 59.76083333],
            [11.92972222, 59.76138889],
            [11.92944444, 59.76194444],
            [11.93, 59.7625],
            [11.93166667, 59.76305556],
            [11.93194444, 59.76472222],
            [11.93222222, 59.76694444],
            [11.93222222, 59.76888889],
            [11.93111111, 59.77083333],
            [11.93055556, 59.77277778],
            [11.93055556, 59.77444444],
            [11.92805556, 59.77888889],
            [11.92694444, 59.78194444],
            [11.92611111, 59.78527778],
            [11.92638889, 59.79027778],
            [11.92555556, 59.79333333],
            [11.925, 59.79416667],
            [11.92361111, 59.79527778],
            [11.92166667, 59.79583333],
            [11.92083333, 59.79611111],
            [11.91805556, 59.79777778],
            [11.91472222, 59.79944444],
            [11.91111111, 59.80138889],
            [11.90916667, 59.80333333],
            [11.90722222, 59.80444444],
            [11.90611111, 59.80638889],
            [11.90472222, 59.81],
            [11.90472222, 59.81138889],
            [11.90305556, 59.81222222],
            [11.90138889, 59.81305556],
            [11.89944444, 59.81361111],
            [11.89694444, 59.81472222],
            [11.895, 59.81638889],
            [11.89361111, 59.81722222],
            [11.89, 59.82138889],
            [11.88722222, 59.82333333],
            [11.88527778, 59.82444444],
            [11.88333333, 59.82527778],
            [11.88055556, 59.82638889],
            [11.87888889, 59.82722222],
            [11.87555556, 59.82833333],
            [11.87083333, 59.82888889],
            [11.86888889, 59.82916667],
            [11.86583333, 59.82944444],
            [11.8625, 59.82972222],
            [11.85861111, 59.83],
            [11.85472222, 59.83055556],
            [11.85055556, 59.8325],
            [11.84305556, 59.83722222],
            [11.84166667, 59.83916667],
            [11.84027778, 59.84138889],
            [11.84138889, 59.84194444],
            [11.84416667, 59.8425],
            [11.84666667, 59.84333333],
            [11.84972222, 59.84416667],
            [11.85138889, 59.84444444],
            [11.85222222, 59.84444444],
            [11.85416667, 59.84472222],
            [11.85583333, 59.84527778],
            [11.85833333, 59.84638889],
            [11.85944444, 59.84694444],
            [11.86138889, 59.84722222],
            [11.86305556, 59.84777778],
            [11.86555556, 59.84888889],
            [11.86861111, 59.84944444],
            [11.87111111, 59.85027778],
            [11.87333333, 59.85166667],
            [11.875, 59.8525],
            [11.87722222, 59.85333333],
            [11.87916667, 59.85388889],
            [11.88083333, 59.85472222],
            [11.88416667, 59.85694444],
            [11.88555556, 59.85777778],
            [11.88666667, 59.85833333],
            [11.88666667, 59.85916667],
            [11.88583333, 59.86083333],
            [11.885, 59.86166667],
            [11.88444444, 59.86277778],
            [11.8825, 59.86333333],
            [11.8825, 59.86472222],
            [11.88166667, 59.86583333],
            [11.88138889, 59.86638889],
            [11.88055556, 59.8675],
            [11.88138889, 59.86861111],
            [11.8825, 59.86972222],
            [11.88333333, 59.87111111],
            [11.88555556, 59.87194444],
            [11.88805556, 59.87222222],
            [11.89138889, 59.87194444],
            [11.89361111, 59.87166667],
            [11.89444444, 59.87138889],
            [11.89555556, 59.87111111],
            [11.89722222, 59.87138889],
            [11.89833333, 59.87222222],
            [11.90111111, 59.87194444],
            [11.91138889, 59.87194444],
            [11.91611111, 59.87277778],
            [11.91916667, 59.87388889],
            [11.92027778, 59.87472222],
            [11.92083333, 59.87583333],
            [11.92027778, 59.87777778],
            [11.91972222, 59.88083333],
            [11.92055556, 59.88194444],
            [11.92305556, 59.88333333],
            [11.9275, 59.88555556],
            [11.93111111, 59.88638889],
            [11.93361111, 59.88694444],
            [11.94444444, 59.89055556],
            [11.98416667, 59.90055556]
          ]
        ]
      },
      "geometry_name": "GEOMETRY",
      "properties": {
        "NAMEOFAREA": "ESMM 4:3",
        "VERTICALFILTER": "UPPER",
        "UPPER": 999,
        "LOWER": 285}
    },
    {
      "type": "Feature",
      "id": "ATCCS_ESMM.10465",
      "geometry": {
        "type": "Polygon",
        "coordinates": [
          [
            [13.09333333, 55.64194444],
            [13.02694444, 55.3675],
            [12.87833333, 55.48777778],
            [12.84222222, 55.51694444],
            [12.89361111, 55.5425],
            [13.09333333, 55.64194444]
          ]
        ]
      },
      "geometry_name": "GEOMETRY",
      "properties": {
        "NAMEOFAREA": "ESMM L:3",
        "VERTICALFILTER": "LOWER",
        "UPPER": 285,
        "LOWER": 195}
    },
    {
      "type": "Feature",
      "id": "ATCCS_ESMM.10466",
      "geometry": {
        "type": "Polygon",
        "coordinates": [
          [
            [16.85861111, 59.28388889],
            [17.74666667, 59.24944444],
            [17.79777778, 59.24944444],
            [18.13666667, 59.01305556],
            [17.96027778, 58.66833333],
            [18.04333333, 58.17972222],
            [17.94666667, 57.94333333],
            [16.82805556, 57.37194444],
            [15.87527778, 56.9575],
            [14.3275, 57.83888889],
            [15.525, 58.47694444],
            [16.20111111, 58.85638889],
            [16.46777778, 59.03277778],
            [16.66138889, 59.15916667],
            [16.85861111, 59.28388889]
          ]
        ]
      },
      "geometry_name": "GEOMETRY",
      "properties": {
        "NAMEOFAREA": "ESMM W:1",
        "VERTICALFILTER": "UPPER",
        "UPPER": 999,
        "LOWER": 285}
    },
    {
      "type": "Feature",
      "id": "ATCCS_ESMM.10467",
      "geometry": {
        "type": "Polygon",
        "coordinates": [
          [
            [13.76083333, 54.91666667],
            [14.3575, 54.91666667],
            [14.33666667, 54.75944444],
            [14.32472222, 54.66666667],
            [13.76083333, 54.91666667]
          ]
        ]
      },
      "geometry_name": "GEOMETRY",
      "properties": {
        "NAMEOFAREA": "ESMM L:5",
        "VERTICALFILTER": "LOWER",
        "UPPER": 285,
        "LOWER": 105}
    },
    {
      "type": "Feature",
      "id": "ATCCS_ESMM.10468",
      "geometry": {
        "type": "Polygon",
        "coordinates": [
          [
            [17.40027778, 57.02277778],
            [18.03, 56.64083333],
            [19.07472222, 56.62861111],
            [18.50638889, 56.34527778],
            [18.01861111, 56.09527778],
            [17.55, 55.85],
            [16.88, 55.48666667],
            [16.23611111, 55.13361111],
            [15.06333333, 55.94916667],
            [15.12611111, 56.35],
            [15.63194444, 56.33777778],
            [16.00583333, 56.47944444],
            [16.33694444, 56.60472222],
            [16.77194444, 56.86666667],
            [17.40027778, 57.02277778]
          ]
        ]
      },
      "geometry_name": "GEOMETRY",
      "properties": {
        "NAMEOFAREA": "ESMM 7:1",
        "VERTICALFILTER": "UPPER",
        "UPPER": 365,
        "LOWER": 0}
    },
    {
      "type": "Feature",
      "id": "ATCCS_ESMM.10469",
      "geometry": {
        "type": "Polygon",
        "coordinates": [
          [
            [17.55, 55.85],
            [18.39805556, 55.29],
            [16.23611111, 55.13361111],
            [16.88, 55.48666667],
            [17.55, 55.85]
          ]
        ]
      },
      "geometry_name": "GEOMETRY",
      "properties": {
        "NAMEOFAREA": "ESMM 7:2",
        "VERTICALFILTER": "UPPER",
        "UPPER": 365,
        "LOWER": 95}
    },
    {
      "type": "Feature",
      "id": "ATCCS_ESMM.10470",
      "geometry": {
        "type": "Polygon",
        "coordinates": [
          [
            [19.98305556, 59.56277778],
            [20.54416667, 59.25666667],
            [21, 59],
            [20.27472222, 57.78416667],
            [18.56055556, 57.33194444],
            [17.78638889, 57.11888889],
            [17.40027778, 57.02277778],
            [17.21416667, 57.13583333],
            [16.82805556, 57.37194444],
            [17.94666667, 57.94333333],
            [18.04333333, 58.17972222],
            [17.96027778, 58.66833333],
            [18.13666667, 59.01305556],
            [18.47472222, 59.11777778],
            [19.98305556, 59.56277778]
          ]
        ]
      },
      "geometry_name": "GEOMETRY",
      "properties": {
        "NAMEOFAREA": "ESMM Y:1",
        "VERTICALFILTER": "UPPER",
        "UPPER": 999,
        "LOWER": 285}
    },
    {
      "type": "Feature",
      "id": "ATCCS_ESMM.10471",
      "geometry": {
        "type": "Polygon",
        "coordinates": [
          [
            [16.82805556, 57.37194444],
            [17.21416667, 57.13583333],
            [17.40027778, 57.02277778],
            [18.03, 56.64083333],
            [19.07472222, 56.62861111],
            [18.50638889, 56.34527778],
            [18.01861111, 56.09527778],
            [17.55, 55.85],
            [18.39805556, 55.29],
            [16.23611111, 55.13361111],
            [15.06333333, 55.94916667],
            [14.83361111, 56.10944444],
            [14.53666667, 56.31666667],
            [14.88916667, 56.50166667],
            [15.11777778, 56.62805556],
            [15.24222222, 56.68361111],
            [15.66638889, 56.86666667],
            [15.87527778, 56.9575],
            [16.82805556, 57.37194444]
          ]
        ]
      },
      "geometry_name": "GEOMETRY",
      "properties": {
        "NAMEOFAREA": "ESMM 6:1",
        "VERTICALFILTER": "UPPER",
        "UPPER": 999,
        "LOWER": 365}
    },
    {
      "type": "Feature",
      "id": "ATCCS_ESMM.10472",
      "geometry": {
        "type": "Polygon",
        "coordinates": [
          [
            [14.62861111, 57.2275],
            [15.07416667, 57.16916667],
            [15.4025, 56.95611111],
            [15.54027778, 56.86666667],
            [15.66638889, 56.86666667],
            [15.24222222, 56.68361111],
            [15.11777778, 56.62805556],
            [15.11611111, 56.68888889],
            [14.88083333, 56.86527778],
            [14.53333333, 57.12138889],
            [14.62861111, 57.2275]
          ]
        ]
      },
      "geometry_name": "GEOMETRY",
      "properties": {
        "NAMEOFAREA": "ESMM K:3",
        "VERTICALFILTER": "LOWER",
        "UPPER": 285,
        "LOWER": 195}
    },
    {
      "type": "Feature",
      "id": "ATCCS_ESMM.10473",
      "geometry": {
        "type": "Polygon",
        "coordinates": [
          [
            [15.66638889, 56.86666667],
            [16.77194444, 56.86666667],
            [16.33694444, 56.60472222],
            [16.00583333, 56.47944444],
            [15.63194444, 56.33777778],
            [15.12611111, 56.35],
            [15.11777778, 56.62805556],
            [15.24222222, 56.68361111],
            [15.66638889, 56.86666667]
          ]
        ]
      },
      "geometry_name": "GEOMETRY",
      "properties": {
        "NAMEOFAREA": "ESMM 7:3",
        "VERTICALFILTER": "UPPER",
        "UPPER": 365,
        "LOWER": 195}
    },
    {
      "type": "Feature",
      "id": "ATCCS_ESMM.10474",
      "geometry": {
        "type": "Polygon",
        "coordinates": [
          [
            [16.82805556, 57.37194444],
            [17.21416667, 57.13583333],
            [17.40027778, 57.02277778],
            [16.77194444, 56.86666667],
            [15.66638889, 56.86666667],
            [15.87527778, 56.9575],
            [16.82805556, 57.37194444]
          ]
        ]
      },
      "geometry_name": "GEOMETRY",
      "properties": {
        "NAMEOFAREA": "ESMM 7:4",
        "VERTICALFILTER": "UPPER",
        "UPPER": 365,
        "LOWER": 285}
    },
    {
      "type": "Feature",
      "id": "ATCCS_ESMM.10475",
      "geometry": {
        "type": "Polygon",
        "coordinates": [
          [
            [13.11555556, 55.73277778],
            [13.09333333, 55.64194444],
            [13.02694444, 55.3675],
            [12.99888889, 55.24944444],
            [12.69277778, 55.23333333],
            [12.64083333, 55.33666667],
            [12.62777778, 55.38027778],
            [12.86555556, 55.44111111],
            [12.87833333, 55.48777778],
            [12.89361111, 55.5425],
            [12.89888889, 55.56194444],
            [13.05722222, 55.67444444],
            [13.11555556, 55.73277778]
          ]
        ]
      },
      "geometry_name": "GEOMETRY",
      "properties": {
        "NAMEOFAREA": "ESMM L:6",
        "VERTICALFILTER": "LOWER",
        "UPPER": 25,
        "LOWER": 0,
        "COMMENT_2": "Delegated area L2, see para 3"}
    },
    {
      "type": "Feature",
      "id": "ATCCS_ESMM.10476",
      "geometry": {
        "type": "Polygon",
        "coordinates": [
          [
            [12.89888889, 55.56194444],
            [12.89361111, 55.5425],
            [12.87833333, 55.48777778],
            [12.86555556, 55.44111111],
            [12.62777778, 55.38027778],
            [12.61222222, 55.43194444],
            [12.70333333, 55.48277778],
            [12.73222222, 55.48277778],
            [12.80861111, 55.54388889],
            [12.89888889, 55.56194444]
          ]
        ]
      },
      "geometry_name": "GEOMETRY",
      "properties": {
        "NAMEOFAREA": "ESMM L:7",
        "VERTICALFILTER": "LOWER",
        "UPPER": 15,
        "LOWER": 0,
        "COMMENT_2": "Delegated area L2, see para 3"}
    },
    {
      "type": "Feature",
      "id": "ATCCS_ESMM.10477",
      "geometry": {
        "type": "Polygon",
        "coordinates": [
          [
            [13.52083333, 55.91444444],
            [13.62944444, 55.89416667],
            [13.70388889, 55.88055556],
            [13.34722222, 55.76666667],
            [13.09333333, 55.64194444],
            [13.11555556, 55.73277778],
            [13.11, 55.81583333],
            [13.52083333, 55.91444444]
          ]
        ]
      },
      "geometry_name": "GEOMETRY",
      "properties": {
        "NAMEOFAREA": "ESMM L:4",
        "VERTICALFILTER": "LOWER",
        "UPPER": 95,
        "LOWER": 0}
    },
    {
      "type": "Feature",
      "id": "ATCCS_ESMM.10478",
      "geometry": {
        "type": "Polygon",
        "coordinates": [
          [
            [12.44277778, 56.16472222],
            [12.65694444, 56.03277778],
            [12.53083333, 56.03333333],
            [12.41277778, 56.15638889],
            [12.44277778, 56.16472222]
          ]
        ]
      },
      "geometry_name": "GEOMETRY",
      "properties": {
        "NAMEOFAREA": "ESMM K:7",
        "VERTICALFILTER": "LOWER",
        "UPPER": 285,
        "LOWER": 65,
        "COMMENT_2": "Delegated area H1 and L1, see para 3"}
    },
    {
      "type": "Feature",
      "id": "ATCCS_ESMM.10479",
      "geometry": {
        "type": "Polygon",
        "coordinates": [
          [
            [14.73722222, 55.3375],
            [14.76666667, 55.33722222],
            [14.79583333, 55.33583333],
            [14.825, 55.33361111],
            [14.85361111, 55.33027778],
            [14.88194444, 55.32583333],
            [14.90972222, 55.32027778],
            [14.93666667, 55.31416667],
            [14.96305556, 55.30666667],
            [14.98861111, 55.29861111],
            [15.01333333, 55.28944444],
            [15.03666667, 55.27944444],
            [15.05916667, 55.26861111],
            [15.08055556, 55.25694444],
            [15.10027778, 55.24472222],
            [15.11888889, 55.23166667],
            [15.13583333, 55.21805556],
            [15.15138889, 55.20388889],
            [15.16555556, 55.18916667],
            [15.17777778, 55.17388889],
            [15.18833333, 55.15805556],
            [15.19722222, 55.14222222],
            [15.20444444, 55.12583333],
            [15.21, 55.10944444],
            [15.21361111, 55.09277778],
            [15.21527778, 55.07611111],
            [15.21527778, 55.05916667],
            [15.21361111, 55.0425],
            [15.21, 55.02583333],
            [15.20472222, 55.00944444],
            [15.1975, 54.99305556],
            [15.18861111, 54.97722222],
            [15.17777778, 54.96138889],
            [15.16555556, 54.94638889],
            [15.15138889, 54.93166667],
            [15.13527778, 54.91666667],
            [15.86666667, 54.91666667],
            [15.71916667, 54.685],
            [15.55333333, 54.53166667],
            [15.44833333, 54.58583333],
            [15.23333333, 54.58333333],
            [14.6625, 54.58333333],
            [14.59166667, 54.76666667],
            [14.33666667, 54.75944444],
            [14.3575, 54.91666667],
            [14.73722222, 55.3375]
          ]
        ]
      },
      "geometry_name": "GEOMETRY",
      "properties": {
        "NAMEOFAREA": "ESMM 8:1",
        "VERTICALFILTER": "UPPER",
        "UPPER": 365,
        "LOWER": 195}
    },
    {
      "type": "Feature",
      "id": "ATCCS_ESMM.10480",
      "geometry": {
        "type": "Polygon",
        "coordinates": [
          [
            [15.06333333, 55.94916667],
            [16.23611111, 55.13361111],
            [15.86666667, 54.91666667],
            [15.13527778, 54.91666667],
            [15.15138889, 54.93166667],
            [15.16555556, 54.94638889],
            [15.17777778, 54.96138889],
            [15.18861111, 54.97722222],
            [15.1975, 54.99305556],
            [15.20472222, 55.00944444],
            [15.21, 55.02583333],
            [15.21361111, 55.0425],
            [15.21527778, 55.05916667],
            [15.21527778, 55.07611111],
            [15.21361111, 55.09277778],
            [15.21, 55.10944444],
            [15.20444444, 55.12583333],
            [15.19722222, 55.14222222],
            [15.18833333, 55.15805556],
            [15.17777778, 55.17388889],
            [15.16555556, 55.18916667],
            [15.15138889, 55.20388889],
            [15.13583333, 55.21805556],
            [15.11888889, 55.23166667],
            [15.09888889, 55.24555556],
            [15.08055556, 55.25694444],
            [15.05916667, 55.26861111],
            [15.03666667, 55.27944444],
            [15.01333333, 55.28944444],
            [14.98861111, 55.29861111],
            [14.96305556, 55.30666667],
            [14.93666667, 55.31416667],
            [14.90972222, 55.32027778],
            [14.88194444, 55.32583333],
            [14.85361111, 55.33027778],
            [14.825, 55.33361111],
            [14.79583333, 55.33583333],
            [14.76666667, 55.33722222],
            [14.73722222, 55.3375],
            [15.06333333, 55.94916667]
          ]
        ]
      },
      "geometry_name": "GEOMETRY",
      "properties": {
        "NAMEOFAREA": "ESMM 8:4",
        "VERTICALFILTER": "LOWER",
        "UPPER": 365,
        "LOWER": 0}
    },
    {
      "type": "Feature",
      "id": "ATCCS_ESMM.10481",
      "geometry": {
        "type": "Polygon",
        "coordinates": [
          [
            [14.73722222, 55.3375],
            [14.76666667, 55.33722222],
            [14.79583333, 55.33583333],
            [14.825, 55.33361111],
            [14.85361111, 55.33027778],
            [14.88194444, 55.32583333],
            [14.90972222, 55.32027778],
            [14.93666667, 55.31416667],
            [14.96305556, 55.30666667],
            [14.98861111, 55.29861111],
            [15.01333333, 55.28944444],
            [15.03666667, 55.27944444],
            [15.05916667, 55.26861111],
            [15.08055556, 55.25694444],
            [15.10027778, 55.24472222],
            [15.11888889, 55.23166667],
            [15.13583333, 55.21805556],
            [15.15138889, 55.20388889],
            [15.16555556, 55.18916667],
            [15.17777778, 55.17388889],
            [15.18833333, 55.15805556],
            [15.19722222, 55.14222222],
            [15.20444444, 55.12583333],
            [15.21, 55.10944444],
            [15.21361111, 55.09277778],
            [15.21527778, 55.07611111],
            [15.21527778, 55.05916667],
            [15.21361111, 55.0425],
            [15.21, 55.02583333],
            [15.20472222, 55.00944444],
            [15.1975, 54.99305556],
            [15.18861111, 54.97722222],
            [15.17777778, 54.96138889],
            [15.16555556, 54.94638889],
            [15.15138889, 54.93166667],
            [15.13527778, 54.91666667],
            [15.13222222, 54.91444444],
            [15.12416667, 54.90805556],
            [15.11611111, 54.90166667],
            [15.1075, 54.89555556],
            [15.09888889, 54.88972222],
            [15.08972222, 54.88388889],
            [15.08027778, 54.87805556],
            [15.07055556, 54.8725],
            [15.06055556, 54.86722222],
            [15.05027778, 54.86222222],
            [15.04, 54.85722222],
            [15.02916667, 54.85222222],
            [15.01833333, 54.84777778],
            [15.00722222, 54.84305556],
            [14.99583333, 54.83888889],
            [14.98416667, 54.83472222],
            [14.97222222, 54.83083333],
            [14.96027778, 54.82722222],
            [14.94805556, 54.82388889],
            [14.93583333, 54.82055556],
            [14.92333333, 54.8175],
            [14.90972222, 54.815],
            [14.89777778, 54.81194444],
            [14.885, 54.80944444],
            [14.87194444, 54.80722222],
            [14.85888889, 54.80527778],
            [14.84555556, 54.80361111],
            [14.83222222, 54.80194444],
            [14.81888889, 54.80055556],
            [14.80555556, 54.79944444],
            [14.79194444, 54.79861111],
            [14.77861111, 54.79805556],
            [14.765, 54.7975],
            [14.75138889, 54.79722222],
            [14.73777778, 54.79722222],
            [14.72416667, 54.7975],
            [14.71083333, 54.79805556],
            [14.69722222, 54.79888889],
            [14.68388889, 54.79972222],
            [14.67027778, 54.80083333],
            [14.65694444, 54.80222222],
            [14.64361111, 54.80388889],
            [14.63055556, 54.80555556],
            [14.6175, 54.80777778],
            [14.60444444, 54.81],
            [14.59333333, 54.81222222],
            [14.57861111, 54.815],
            [14.56611111, 54.81805556],
            [14.55361111, 54.82111111],
            [14.54138889, 54.82444444],
            [14.52916667, 54.82777778],
            [14.51722222, 54.83166667],
            [14.50555556, 54.83555556],
            [14.49388889, 54.83972222],
            [14.4825, 54.84388889],
            [14.47138889, 54.84833333],
            [14.46055556, 54.85305556],
            [14.44972222, 54.85777778],
            [14.43944444, 54.86305556],
            [14.42916667, 54.86805556],
            [14.41944444, 54.87361111],
            [14.40972222, 54.87916667],
            [14.40027778, 54.88472222],
            [14.39138889, 54.89055556],
            [14.3825, 54.89666667],
            [14.37416667, 54.90277778],
            [14.36583333, 54.90888889],
            [14.3575, 54.91666667],
            [14.73722222, 55.3375]
          ]
        ]
      },
      "geometry_name": "GEOMETRY",
      "properties": {
        "NAMEOFAREA": "ESMM L:2",
        "VERTICALFILTER": "LOWER",
        "UPPER": 195,
        "LOWER": 0}
    },
    {
      "type": "Feature",
      "id": "ATCCS_ESMM.10482",
      "geometry": {
        "type": "Polygon",
        "coordinates": [
          [
            [14.3275, 57.83888889],
            [15.87527778, 56.9575],
            [15.66638889, 56.86666667],
            [15.24222222, 56.68361111],
            [15.11777778, 56.62805556],
            [14.88916667, 56.50166667],
            [14.53666667, 56.31666667],
            [13.70388889, 55.88055556],
            [13.34722222, 55.76666667],
            [13.09333333, 55.64194444],
            [12.89361111, 55.5425],
            [12.84222222, 55.51694444],
            [12.80861111, 55.54388889],
            [12.135, 56.07583333],
            [11.95583333, 56.52333333],
            [12.06944444, 56.60027778],
            [12.55222222, 56.92277778],
            [12.85972222, 57.08444444],
            [13.7025, 57.51638889],
            [14.3275, 57.83888889]
          ]
        ]
      },
      "geometry_name": "GEOMETRY",
      "properties": {
        "NAMEOFAREA": "ESMM 3:1",
        "VERTICALFILTER": "UPPER",
        "UPPER": 999,
        "LOWER": 365,
        "COMMENT_2": "Delegated area C and H1, see para 3"}
    },
    {
      "type": "Feature",
      "id": "ATCCS_ESMM.10483",
      "geometry": {
        "type": "Polygon",
        "coordinates": [
          [
            [15.11777778, 56.62805556],
            [15.12611111, 56.35],
            [15.06333333, 55.94916667],
            [14.83361111, 56.10944444],
            [14.53666667, 56.31666667],
            [14.88916667, 56.50166667],
            [15.11777778, 56.62805556]
          ]
        ]
      },
      "geometry_name": "GEOMETRY",
      "properties": {
        "NAMEOFAREA": "ESMM 7:5",
        "VERTICALFILTER": "UPPER",
        "UPPER": 365,
        "LOWER": 285}
    },
    {
      "type": "Feature",
      "id": "ATCCS_ESMM.10484",
      "geometry": {
        "type": "Polygon",
        "coordinates": [
          [
            [20.27472222, 57.78416667],
            [20.08666667, 57.46305556],
            [20.06055556, 57.41694444],
            [19.82833333, 56.99944444],
            [19.07472222, 56.62861111],
            [18.03, 56.64083333],
            [17.40027778, 57.02277778],
            [17.78638889, 57.11888889],
            [18.56055556, 57.33194444],
            [20.27472222, 57.78416667]
          ]
        ]
      },
      "geometry_name": "GEOMETRY",
      "properties": {
        "NAMEOFAREA": "ESMM Y:2",
        "VERTICALFILTER": "UPPER",
        "UPPER": 999,
        "LOWER": 0}
    },
    {
      "type": "Feature",
      "id": "ATCCS_ESMM.10439",
      "geometry": {
        "type": "Polygon",
        "coordinates": [
          [
            [14.3275, 57.83888889],
            [15.87527778, 56.9575],
            [15.66638889, 56.86666667],
            [15.24222222, 56.68361111],
            [15.11777778, 56.62805556],
            [14.88916667, 56.50166667],
            [14.53666667, 56.31666667],
            [13.70388889, 55.88055556],
            [13.34722222, 55.76666667],
            [13.09333333, 55.64194444],
            [12.89361111, 55.5425],
            [12.84222222, 55.51694444],
            [12.80861111, 55.54388889],
            [12.135, 56.07583333],
            [11.95583333, 56.52333333],
            [12.06944444, 56.60027778],
            [12.55222222, 56.92277778],
            [12.85972222, 57.08444444],
            [13.7025, 57.51638889],
            [14.3275, 57.83888889]
          ]
        ]
      },
      "geometry_name": "GEOMETRY",
      "properties": {
        "NAMEOFAREA": "ESMM 2:1",
        "VERTICALFILTER": "UPPER",
        "UPPER": 365,
        "LOWER": 285,
        "COMMENT_2": "Delegated area C and H1, see para 3"}
    },
    {
      "type": "Feature",
      "id": "ATCCS_ESMM.10440",
      "geometry": {
        "type": "Polygon",
        "coordinates": [
          [
            [13.19916667, 57.76722222],
            [13.60722222, 57.53666667],
            [13.7025, 57.51638889],
            [14.10527778, 57.43083333],
            [14.62861111, 57.2275],
            [14.53333333, 57.12138889],
            [14.88083333, 56.86527778],
            [15.11611111, 56.68888889],
            [15.11777778, 56.62805556],
            [14.88916667, 56.50166667],
            [14.53666667, 56.31666667],
            [13.70388889, 55.88055556],
            [13.62944444, 55.89416667],
            [13.52083333, 55.91444444],
            [13.11, 55.81583333],
            [13.11555556, 55.73277778],
            [12.86555556, 55.97611111],
            [12.73222222, 55.99944444],
            [12.67944444, 56.03277778],
            [12.65694444, 56.03277778],
            [12.44277778, 56.16472222],
            [12.36805556, 56.21472222],
            [12.235, 56.38805556],
            [12.06944444, 56.60027778],
            [11.76611111, 56.98555556],
            [12.69583333, 57.2275],
            [13.19916667, 57.76722222]
          ]
        ]
      },
      "geometry_name": "GEOMETRY",
      "properties": {
        "NAMEOFAREA": "ESMM K:1",
        "VERTICALFILTER": "LOWER",
        "UPPER": 285,
        "LOWER": 0}
    },
    {
      "type": "Feature",
      "id": "ATCCS_ESMM.10441",
      "geometry": {
        "type": "Polygon",
        "coordinates": [
          [
            [12.41277778, 56.15638889],
            [12.53083333, 56.03333333],
            [12.65694444, 56.03277778],
            [12.67944444, 56.03277778],
            [12.73222222, 55.99944444],
            [12.86555556, 55.97611111],
            [13.11555556, 55.73277778],
            [13.09333333, 55.64194444],
            [12.89361111, 55.5425],
            [12.84222222, 55.51694444],
            [12.80861111, 55.54388889],
            [12.135, 56.07583333],
            [12.41277778, 56.15638889]
          ]
        ]
      },
      "geometry_name": "GEOMETRY",
      "properties": {
        "NAMEOFAREA": "ESMM K:4",
        "VERTICALFILTER": "LOWER",
        "UPPER": 285,
        "LOWER": 195,
        "COMMENT_2": "Delegated area H1, see para 3"}
    },
    {
      "type": "Feature",
      "id": "ATCCS_ESMM.10442",
      "geometry": {
        "type": "Polygon",
        "coordinates": [
          [
            [13.52083333, 55.91444444],
            [13.62944444, 55.89416667],
            [13.70388889, 55.88055556],
            [13.34722222, 55.76666667],
            [13.09333333, 55.64194444],
            [13.11555556, 55.73277778],
            [13.11, 55.81583333],
            [13.52083333, 55.91444444]
          ]
        ]
      },
      "geometry_name": "GEOMETRY",
      "properties": {
        "NAMEOFAREA": "ESMM K:5",
        "VERTICALFILTER": "LOWER",
        "UPPER": 285,
        "LOWER": 95}
    },
    {
      "type": "Feature",
      "id": "ATCCS_ESMM.10443",
      "geometry": {
        "type": "Polygon",
        "coordinates": [
          [
            [12.12611111, 59.89388889],
            [12.15527778, 59.88666667],
            [12.1725, 59.88944444],
            [12.17416667, 59.88972222],
            [12.32222222, 59.75],
            [13.17111111, 59.5125],
            [12.91388889, 59.24166667],
            [12.60777778, 58.76055556],
            [12.4975, 58.76611111],
            [11.995, 58.46472222],
            [11.9975, 58.29972222],
            [11.82555556, 58.28361111],
            [11.67916667, 58.27],
            [11.45027778, 58.12777778],
            [11.14055556, 57.75138889],
            [10.5, 58.5],
            [10.57027778, 58.69694444],
            [10.64805556, 58.70916667],
            [10.70083333, 58.73277778],
            [10.72972222, 58.84722222],
            [11.0275, 58.875],
            [11.15583333, 58.84138889],
            [11.69166667, 58.88333333],
            [11.86222222, 59.07194444],
            [11.90833333, 59.48888889],
            [12.10861111, 59.78027778],
            [12.09888889, 59.89055556],
            [12.12611111, 59.89388889]
          ]
        ]
      },
      "geometry_name": "GEOMETRY",
      "properties": {
        "NAMEOFAREA": "ESMM 4:2",
        "VERTICALFILTER": "UPPER",
        "UPPER": 999,
        "LOWER": 0}
    },
    {
      "type": "Feature",
      "id": "ATCCS_ESMM.10444",
      "geometry": {
        "type": "Polygon",
        "coordinates": [
          [
            [11.9975, 58.29972222],
            [12.08861111, 58.25305556],
            [12.23611111, 58.17694444],
            [12.35388889, 58.11638889],
            [12.52222222, 58.11305556],
            [12.61138889, 57.84833333],
            [12.7075, 57.55222222],
            [12.42916667, 57.43027778],
            [12.37361111, 57.65027778],
            [12.29, 57.65611111],
            [12.06166667, 57.695],
            [11.97361111, 57.94888889],
            [11.63333333, 57.96083333],
            [11.52638889, 57.94],
            [11.14055556, 57.75138889],
            [11.45027778, 58.12777778],
            [11.67916667, 58.27],
            [11.82555556, 58.28361111],
            [11.9975, 58.29972222]
          ]
        ]
      },
      "geometry_name": "GEOMETRY",
      "properties": {
        "NAMEOFAREA": "ESMM 4:4",
        "VERTICALFILTER": "UPPER",
        "UPPER": 999,
        "LOWER": 155}
    },
    {
      "type": "Feature",
      "id": "ATCCS_ESMM.10445",
      "geometry": {
        "type": "Polygon",
        "coordinates": [
          [
            [11.63333333, 57.96083333],
            [11.97361111, 57.94888889],
            [12.06166667, 57.695],
            [12.29, 57.65611111],
            [12.37361111, 57.65027778],
            [12.42916667, 57.43027778],
            [12.15638889, 57.30805556],
            [11.76611111, 56.98555556],
            [11.14055556, 57.75138889],
            [11.52638889, 57.94],
            [11.63333333, 57.96083333]
          ]
        ]
      },
      "geometry_name": "GEOMETRY",
      "properties": {
        "NAMEOFAREA": "ESMM 4:5",
        "VERTICALFILTER": "UPPER",
        "UPPER": 999,
        "LOWER": 245}
    },
    {
      "type": "Feature",
      "id": "ATCCS_ESOS.10058",
      "geometry": {
        "type": "Polygon",
        "coordinates": [
          [
            [19.14722222, 60.35777778],
            [19.13222222, 60.30083333],
            [19.08666667, 60.19166667],
            [19.205, 60.10861111],
            [18.74027778, 60.02277778],
            [18.02583333, 59.89055556],
            [17.93666667, 59.65],
            [17.85222222, 59.40444444],
            [17.96416667, 59.34777778],
            [18.47972222, 59.21333333],
            [18.47472222, 59.11777778],
            [18.13666667, 59.01305556],
            [17.79777778, 59.24944444],
            [17.74666667, 59.24944444],
            [16.85861111, 59.28388889],
            [16.91777778, 59.39222222],
            [17.09666667, 59.69944444],
            [17.24222222, 59.95861111],
            [17.33166667, 59.97611111],
            [17.975, 60.11583333],
            [18.05305556, 60.13222222],
            [18.15222222, 60.15277778],
            [18.57472222, 60.24],
            [19.14722222, 60.35777778]
          ]
        ]
      },
      "geometry_name": "GEOMETRY",
      "properties": {
        "NAMEOFAREA": "ESOS 6:2",
        "VERTICALFILTER": "UPPER",
        "UPPER": 999,
        "LOWER": 285}
    },
    {
      "type": "Feature",
      "id": "ATCCS_ESOS.10059",
      "geometry": {
        "type": "Polygon",
        "coordinates": [
          [
            [19.98305556, 59.56277778],
            [20.54416667, 59.25666667],
            [21, 59],
            [20.27472222, 57.78416667],
            [18.56055556, 57.33194444],
            [18.91277778, 57.70694444],
            [18.67527778, 58.07833333],
            [18.47472222, 59.11777778],
            [19.98305556, 59.56277778]
          ]
        ]
      },
      "geometry_name": "GEOMETRY",
      "properties": {
        "NAMEOFAREA": "ESOS 6:3",
        "VERTICALFILTER": "LOWER",
        "UPPER": 285,
        "LOWER": 0}
    },
    {
      "type": "Feature",
      "id": "ATCCS_ESOS.10060",
      "geometry": {
        "type": "Polygon",
        "coordinates": [
          [
            [18.67527778, 58.07833333],
            [18.91277778, 57.70694444],
            [18.56055556, 57.33194444],
            [17.83805556, 57.45805556],
            [17.82388889, 57.74138889],
            [18.67527778, 58.07833333]
          ]
        ]
      },
      "geometry_name": "GEOMETRY",
      "properties": {
        "NAMEOFAREA": "ESOS 6:4",
        "VERTICALFILTER": "LOWER",
        "UPPER": 285,
        "LOWER": 155}
    },
    {
      "type": "Feature",
      "id": "ATCCS_ESOS.10061",
      "geometry": {
        "type": "Polygon",
        "coordinates": [
          [
            [17.93666667, 59.65],
            [17.85222222, 59.40444444],
            [17.79777778, 59.24944444],
            [17.74666667, 59.24944444],
            [16.85861111, 59.28388889],
            [16.91777778, 59.39222222],
            [17.3425, 59.52],
            [17.40416667, 59.59305556],
            [17.93666667, 59.65]
          ]
        ]
      },
      "geometry_name": "GEOMETRY",
      "properties": {
        "NAMEOFAREA": "ESOS 7:1",
        "VERTICALFILTER": "LOWER",
        "UPPER": 285,
        "LOWER": 195}
    },
    {
      "type": "Feature",
      "id": "ATCCS_ESOS.10062",
      "geometry": {
        "type": "Polygon",
        "coordinates": [
          [
            [16.91777778, 59.39222222],
            [16.85861111, 59.28388889],
            [16.66138889, 59.15916667],
            [16.46777778, 59.03277778],
            [16.20111111, 58.85638889],
            [15.80611111, 58.7825],
            [16.31833333, 59.32388889],
            [16.68, 59.36583333],
            [16.91777778, 59.39222222]
          ]
        ]
      },
      "geometry_name": "GEOMETRY",
      "properties": {
        "NAMEOFAREA": "ESOS 7:2",
        "VERTICALFILTER": "LOWER",
        "UPPER": 175,
        "LOWER": 0}
    },
    {
      "type": "Feature",
      "id": "ATCCS_ESOS.10063",
      "geometry": {
        "type": "Polygon",
        "coordinates": [
          [
            [16.85861111, 59.28388889],
            [17.74666667, 59.24944444],
            [17.57444444, 59.1625],
            [17.26, 58.97583333],
            [16.71111111, 59.0125],
            [16.78944444, 59.16194444],
            [16.85861111, 59.28388889]
          ]
        ]
      },
      "geometry_name": "GEOMETRY",
      "properties": {
        "NAMEOFAREA": "ESOS 7:3",
        "VERTICALFILTER": "LOWER",
        "UPPER": 285,
        "LOWER": 105}
    },
    {
      "type": "Feature",
      "id": "ATCCS_ESOS.10064",
      "geometry": {
        "type": "Polygon",
        "coordinates": [
          [
            [16.71111111, 59.0125],
            [17.26, 58.97583333],
            [16.98333333, 58.83111111],
            [16.20111111, 58.85638889],
            [16.67166667, 58.9425],
            [16.71111111, 59.0125]
          ]
        ]
      },
      "geometry_name": "GEOMETRY",
      "properties": {
        "NAMEOFAREA": "ESOS 7:4",
        "VERTICALFILTER": "LOWER",
        "UPPER": 285,
        "LOWER": 95}
    },
    {
      "type": "Feature",
      "id": "ATCCS_ESOS.10065",
      "geometry": {
        "type": "Polygon",
        "coordinates": [
          [
            [16.20111111, 58.85638889],
            [16.98333333, 58.83111111],
            [16.93222222, 58.79583333],
            [16.59666667, 58.56444444],
            [16.19444444, 58.18583333],
            [15.525, 58.47694444],
            [15.80611111, 58.7825],
            [16.20111111, 58.85638889]
          ]
        ]
      },
      "geometry_name": "GEOMETRY",
      "properties": {
        "NAMEOFAREA": "ESOS 7:5",
        "VERTICALFILTER": "LOWER",
        "UPPER": 285,
        "LOWER": 175}
    },
    {
      "type": "Feature",
      "id": "ATCCS_ESOS.10066",
      "geometry": {
        "type": "Polygon",
        "coordinates": [
          [
            [16.33222222, 60.46527778],
            [16.9, 60.36888889],
            [17.30166667, 60.11111111],
            [16.89111111, 59.93888889],
            [17.09666667, 59.69944444],
            [16.91777778, 59.39222222],
            [16.68, 59.36583333],
            [16.31833333, 59.32388889],
            [15.69083333, 59.29083333],
            [15.30777778, 59.52222222],
            [15.74333333, 60.075],
            [15.81361111, 60.16055556],
            [16.33222222, 60.46527778]
          ]
        ]
      },
      "geometry_name": "GEOMETRY",
      "properties": {
        "NAMEOFAREA": "ESOS 8:1",
        "VERTICALFILTER": "LOWER",
        "UPPER": 285,
        "LOWER": 0}
    },
    {
      "type": "Feature",
      "id": "ATCCS_ESOS.10057",
      "geometry": {
        "type": "Polygon",
        "coordinates": [
          [
            [19.205, 60.10861111],
            [19.98305556, 59.56277778],
            [18.47472222, 59.11777778],
            [18.47972222, 59.21333333],
            [18.83611111, 59.53888889],
            [18.99638889, 59.68277778],
            [18.84694444, 59.88277778],
            [18.74027778, 60.02277778],
            [19.205, 60.10861111]
          ]
        ]
      },
      "geometry_name": "GEOMETRY",
      "properties": {
        "NAMEOFAREA": "ESOS 6:1",
        "VERTICALFILTER": "UPPER",
        "UPPER": 999,
        "LOWER": 0}
    },
    {
      "type": "Feature",
      "id": "ATCCS_ESOS.10067",
      "geometry": {
        "type": "Polygon",
        "coordinates": [
          [
            [17.30166667, 60.11111111],
            [17.24222222, 59.95861111],
            [17.09666667, 59.69944444],
            [16.89111111, 59.93888889],
            [17.30166667, 60.11111111]
          ]
        ]
      },
      "geometry_name": "GEOMETRY",
      "properties": {
        "NAMEOFAREA": "ESOS 8:2",
        "VERTICALFILTER": "LOWER",
        "UPPER": 285,
        "LOWER": 85}
    },
    {
      "type": "Feature",
      "id": "ATCCS_ESOS.10068",
      "geometry": {
        "type": "Polygon",
        "coordinates": [
          [
            [17.30166667, 60.11111111],
            [17.33166667, 59.97611111],
            [17.40416667, 59.59305556],
            [17.3425, 59.52],
            [16.91777778, 59.39222222],
            [17.09666667, 59.69944444],
            [17.24222222, 59.95861111],
            [17.30166667, 60.11111111]
          ]
        ]
      },
      "geometry_name": "GEOMETRY",
      "properties": {
        "NAMEOFAREA": "ESOS 8:3",
        "VERTICALFILTER": "LOWER",
        "UPPER": 285,
        "LOWER": 195}
    },
    {
      "type": "Feature",
      "id": "ATCCS_ESOS.10069",
      "geometry": {
        "type": "Polygon",
        "coordinates": [
          [
            [18.74027778, 60.02277778],
            [18.84694444, 59.88277778],
            [18.99638889, 59.68277778],
            [18.83611111, 59.53888889],
            [18.47972222, 59.21333333],
            [17.96416667, 59.34777778],
            [17.85222222, 59.40444444],
            [17.93666667, 59.65],
            [18.02583333, 59.89055556],
            [18.74027778, 60.02277778]
          ]
        ]
      },
      "geometry_name": "GEOMETRY",
      "properties": {
        "NAMEOFAREA": "ESOS 6:5",
        "VERTICALFILTER": "UPPER",
        "UPPER": 999,
        "LOWER": 195}
    },
    {
      "type": "Feature",
      "id": "ATCCS_ESOS.10070",
      "geometry": {
        "type": "Polygon",
        "coordinates": [
          [
            [18.28166667, 63.915],
            [18.86861111, 63.80722222],
            [19.45055556, 63.82083333],
            [20.28527778, 63.78861111],
            [20.74472222, 63.57666667],
            [20.88388889, 63.5125],
            [20.78777778, 63.49555556],
            [20.66666667, 63.475],
            [20.35833333, 63.285],
            [20.16666667, 63.16666667],
            [19.79638889, 62.33333333],
            [19.5, 61.66666667],
            [19.48277778, 61.60555556],
            [18.40777778, 61.63027778],
            [17.51333333, 61.1425],
            [16.87694444, 62.29166667],
            [16.63138889, 62.73166667],
            [18.28166667, 63.915]
          ]
        ]
      },
      "geometry_name": "GEOMETRY",
      "properties": {
        "NAMEOFAREA": "ESOS F:1",
        "VERTICALFILTER": "UPPER",
        "UPPER": 999,
        "LOWER": 0}
    },
    {
      "type": "Feature",
      "id": "ATCCS_ESOS.10027",
      "geometry": {
        "type": "Polygon",
        "coordinates": [
          [
            [16.26166667, 57.99583333],
            [16.75722222, 57.87166667],
            [17.82388889, 57.74138889],
            [17.83805556, 57.45805556],
            [18.56055556, 57.33194444],
            [17.78638889, 57.11888889],
            [17.40027778, 57.02277778],
            [16.77194444, 56.86666667],
            [15.66638889, 56.86666667],
            [15.54027778, 56.86666667],
            [15.4025, 56.95611111],
            [15.07416667, 57.16916667],
            [15.16972222, 57.23777778],
            [16.0825, 57.86722222],
            [16.26166667, 57.99583333]
          ]
        ]
      },
      "geometry_name": "GEOMETRY",
      "properties": {
        "NAMEOFAREA": "ESOS 9:1",
        "VERTICALFILTER": "LOWER",
        "UPPER": 285,
        "LOWER": 0}
    },
    {
      "type": "Feature",
      "id": "ATCCS_ESOS.10028",
      "geometry": {
        "type": "Polygon",
        "coordinates": [
          [
            [15.07416667, 57.16916667],
            [15.4025, 56.95611111],
            [15.54027778, 56.86666667],
            [15.66638889, 56.86666667],
            [16.77194444, 56.86666667],
            [16.33694444, 56.60472222],
            [15.63194444, 56.33777778],
            [15.12611111, 56.35],
            [15.11777778, 56.62805556],
            [15.11611111, 56.68888889],
            [14.88083333, 56.86527778],
            [15.0025, 57.11777778],
            [15.07416667, 57.16916667]
          ]
        ]
      },
      "geometry_name": "GEOMETRY",
      "properties": {
        "NAMEOFAREA": "ESOS 9:2",
        "VERTICALFILTER": "LOWER",
        "UPPER": 195,
        "LOWER": 0}
    },
    {
      "type": "Feature",
      "id": "ATCCS_ESOS.10029",
      "geometry": {
        "type": "Polygon",
        "coordinates": [
          [
            [17.28138889, 68.11888889],
            [17.44777778, 68.08444444],
            [16.39333333, 67],
            [16.24805556, 67],
            [16.38777778, 67.04555556],
            [16.4025, 67.19027778],
            [16.40416667, 67.205],
            [16.3, 67.28166667],
            [16.19527778, 67.35861111],
            [16.08972222, 67.43527778],
            [16.15805556, 67.51916667],
            [16.40777778, 67.53416667],
            [16.41333333, 67.54805556],
            [16.495, 67.59444444],
            [16.55638889, 67.64722222],
            [16.63805556, 67.76694444],
            [16.67888889, 67.82444444],
            [16.73222222, 67.90555556],
            [16.73805556, 67.91416667],
            [16.95388889, 67.98444444],
            [17.18055556, 68.05027778],
            [17.19222222, 68.06444444],
            [17.28138889, 68.11888889]
          ]
        ]
      },
      "geometry_name": "GEOMETRY",
      "properties": {
        "NAMEOFAREA": "ESOS K:2",
        "VERTICALFILTER": "LOWER",
        "UPPER": 125,
        "LOWER": 0}
    },
    {
      "type": "Feature",
      "id": "ATCCS_ESOS.10032",
      "geometry": {
        "type": "Polygon",
        "coordinates": [
          [
            [14.49888889, 65.51583333],
            [14.49888889, 65.49972222],
            [14.50055556, 65.44416667],
            [14.50194444, 65.37388889],
            [14.50666667, 65.30972222],
            [14.46694444, 65.29027778],
            [14.45638889, 65.28527778],
            [14.44416667, 65.27916667],
            [14.41, 65.26277778],
            [14.38916667, 65.2525],
            [14.37861111, 65.24777778],
            [14.35555556, 65.19361111],
            [14.32555556, 65.11888889],
            [13.95666667, 64.8425],
            [14.49888889, 65.51583333]
          ]
        ]
      },
      "geometry_name": "GEOMETRY",
      "properties": {
        "NAMEOFAREA": "ESOS K:4",
        "VERTICALFILTER": "UPPER",
        "UPPER": 660,
        "LOWER": 195}
    },
    {
      "type": "Feature",
      "id": "ATCCS_ESOS.10033",
      "geometry": {
        "type": "Polygon",
        "coordinates": [
          [
            [13.73416667, 64.55555556],
            [13.89111111, 64.50694444],
            [13.96861111, 64.49583333],
            [13.9975, 64.49138889],
            [14, 64.49111111],
            [14.04138889, 64.485],
            [14.05555556, 64.4825],
            [14.06666667, 64.48111111],
            [14.085, 64.47833333],
            [14.08888889, 64.47638889],
            [14.10222222, 64.46888889],
            [14.11388889, 64.4625],
            [14.11805556, 64.43888889],
            [14.12333333, 64.40611111],
            [14.12666667, 64.38916667],
            [14.12888889, 64.3725],
            [14.12972222, 64.37111111],
            [14.13611111, 64.33166667],
            [14.13833333, 64.32138889],
            [14.14416667, 64.28805556],
            [14.14611111, 64.27194444],
            [14.14666667, 64.25916667],
            [14.14833333, 64.25333333],
            [14.15083333, 64.23305556],
            [14.15694444, 64.19527778],
            [14.11166667, 64.14944444],
            [14.09555556, 64.13361111],
            [14.07027778, 64.10777778],
            [14.04944444, 64.08722222],
            [14.01222222, 64.05027778],
            [14, 64.03861111],
            [13.9675, 64.00777778],
            [13.96444444, 64.00833333],
            [13.91555556, 64.01555556],
            [13.79388889, 64.03444444],
            [13.72555556, 64.04444444],
            [13.71583333, 64.04611111],
            [13.66027778, 64.05222222],
            [13.64638889, 64.05333333],
            [13.61027778, 64.05722222],
            [13.59916667, 64.05833333],
            [13.53777778, 64.06555556],
            [13.46333333, 64.07166667],
            [13.37611111, 64.07972222],
            [13.73416667, 64.55555556]
          ]
        ]
      },
      "geometry_name": "GEOMETRY",
      "properties": {
        "NAMEOFAREA": "ESOS N:2",
        "VERTICALFILTER": "UPPER",
        "UPPER": 660,
        "LOWER": 195}
    },
    {
      "type": "Feature",
      "id": "ATCCS_ESOS.10034",
      "geometry": {
        "type": "Polygon",
        "coordinates": [
          [
            [12.21972222, 62],
            [12.61888889, 61.53416667],
            [12.56916667, 61.56861111],
            [12.49833333, 61.56777778],
            [12.44666667, 61.56722222],
            [12.41944444, 61.56305556],
            [12.36361111, 61.6],
            [12.36222222, 61.60111111],
            [12.34111111, 61.61472222],
            [12.30805556, 61.62777778],
            [12.27555556, 61.64027778],
            [12.21583333, 61.67638889],
            [12.1375, 61.72388889],
            [12.15972222, 61.79805556],
            [12.175, 61.84972222],
            [12.18361111, 61.87888889],
            [12.21944444, 61.99944444],
            [12.21972222, 62]
          ]
        ]
      },
      "geometry_name": "GEOMETRY",
      "properties": {
        "NAMEOFAREA": "ESOS N:3",
        "VERTICALFILTER": "LOWER",
        "UPPER": 95,
        "LOWER": 0}
    },
    {
      "type": "Feature",
      "id": "ATCCS_ESOS.10035",
      "geometry": {
        "type": "Polygon",
        "coordinates": [
          [
            [12.6825, 61.06111111],
            [12.51111111, 60.6425],
            [12.46111111, 60.68527778],
            [12.39527778, 60.73416667],
            [12.34944444, 60.81777778],
            [12.33444444, 60.85222222],
            [12.33361111, 60.86916667],
            [12.33305556, 60.88083333],
            [12.33333333, 60.89055556],
            [12.23527778, 61.00083333],
            [12.22388889, 61.01305556],
            [12.23972222, 61.01888889],
            [12.25472222, 61.02166667],
            [12.4475, 61.05083333],
            [12.4875, 61.05166667],
            [12.54083333, 61.04916667],
            [12.59472222, 61.0475],
            [12.6125, 61.04694444],
            [12.6575, 61.05277778],
            [12.67, 61.05611111],
            [12.67111111, 61.05638889],
            [12.6825, 61.06111111]
          ]
        ]
      },
      "geometry_name": "GEOMETRY",
      "properties": {
        "NAMEOFAREA": "ESOS 3:6",
        "VERTICALFILTER": "LOWER",
        "UPPER": 95,
        "LOWER": 0}
    },
    {
      "type": "Feature",
      "id": "ATCCS_ESOS.10036",
      "geometry": {
        "type": "Polygon",
        "coordinates": [
          [
            [20.88388889, 63.5125],
            [19.48722222, 61.62055556],
            [19.5, 61.66666667],
            [20.16666667, 63.16666667],
            [20.66666667, 63.475],
            [20.88388889, 63.5125]
          ]
        ]
      },
      "geometry_name": "GEOMETRY",
      "properties": {
        "NAMEOFAREA": "ESOS F:2",
        "VERTICALFILTER": "UPPER",
        "UPPER": 660,
        "LOWER": 95,
        "COMMENT_2": "Delegated area KVARKEN, see para 3"}
    },
    {
      "type": "Feature",
      "id": "ATCCS_ESOS.10037",
      "geometry": {
        "type": "Polygon",
        "coordinates": [
          [
            [13.70944444, 64.64333333],
            [18.28166667, 63.915],
            [16.63138889, 62.73166667],
            [16.87694444, 62.29166667],
            [17.51333333, 61.1425],
            [16.9, 60.36888889],
            [16.33222222, 60.46527778],
            [14.57055556, 61.07194444],
            [12.87083333, 61.35638889],
            [12.66777778, 61.49972222],
            [12.61888889, 61.53416667],
            [12.21972222, 62],
            [12.29888889, 62.26722222],
            [12.05611111, 62.61194444],
            [12.13638889, 62.74805556],
            [12.075, 62.90277778],
            [12.21805556, 63.00027778],
            [12.09916667, 63.1325],
            [11.97444444, 63.26916667],
            [12.08416667, 63.35555556],
            [12.21277778, 63.47861111],
            [12.19194444, 63.51638889],
            [12.14972222, 63.59388889],
            [12.22722222, 63.63111111],
            [12.29944444, 63.67194444],
            [12.33055556, 63.715],
            [12.35444444, 63.73194444],
            [12.42166667, 63.77805556],
            [12.48027778, 63.81888889],
            [12.53833333, 63.8625],
            [12.60555556, 63.91388889],
            [12.65166667, 63.94944444],
            [12.68361111, 63.97416667],
            [12.92666667, 64.05805556],
            [13.21111111, 64.09527778],
            [13.71527778, 64.04638889],
            [13.9675, 64.00805556],
            [14.15722222, 64.195],
            [14.12666667, 64.38694444],
            [14.11888889, 64.435],
            [14.11388889, 64.4625],
            [14.085, 64.47833333],
            [13.89166667, 64.50722222],
            [13.65416667, 64.58027778],
            [13.66555556, 64.59361111],
            [13.70555556, 64.64],
            [13.70944444, 64.64333333]
          ]
        ]
      },
      "geometry_name": "GEOMETRY",
      "properties": {
        "NAMEOFAREA": "ESOS N:1",
        "VERTICALFILTER": "UPPER",
        "UPPER": 999,
        "LOWER": 0}
    },
    {
      "type": "Feature",
      "id": "ATCCS_ESOS.10038",
      "geometry": {
        "type": "Polygon",
        "coordinates": [
          [
            [20.54861111, 69.06],
            [20.61666667, 69.04777778],
            [20.67527778, 69.04305556],
            [20.705, 69.04444444],
            [20.73083333, 69.03805556],
            [20.775, 69.03333333],
            [20.81388889, 69.01583333],
            [20.82361111, 69.00472222],
            [20.83361111, 68.9975],
            [20.85055556, 68.99138889],
            [20.87694444, 68.98722222],
            [20.88472222, 68.98277778],
            [20.90138889, 68.97472222],
            [20.91277778, 68.96194444],
            [20.89861111, 68.94972222],
            [20.89222222, 68.94194444],
            [20.87916667, 68.94194444],
            [20.86805556, 68.94305556],
            [20.84666667, 68.93722222],
            [20.84833333, 68.92916667],
            [20.86166667, 68.92277778],
            [20.8775, 68.91944444],
            [20.88777778, 68.91138889],
            [20.89777778, 68.90388889],
            [20.90305556, 68.90027778],
            [20.87777778, 68.89527778],
            [20.89027778, 68.89222222],
            [20.9075, 68.89333333],
            [20.91277778, 68.89611111],
            [20.93, 68.89833333],
            [20.94305556, 68.89666667],
            [20.95527778, 68.89722222],
            [20.95694444, 68.89277778],
            [20.97027778, 68.89305556],
            [20.98527778, 68.89277778],
            [20.99027778, 68.89694444],
            [21.01444444, 68.89055556],
            [21.03, 68.88611111],
            [21.02638889, 68.88277778],
            [21.04722222, 68.88166667],
            [21.06027778, 68.87722222],
            [21.07638889, 68.87111111],
            [21.08277778, 68.86388889],
            [21.10138889, 68.86],
            [21.11972222, 68.85611111],
            [21.13, 68.85111111],
            [21.1425, 68.84666667],
            [21.14388889, 68.84],
            [21.16194444, 68.83527778],
            [21.18416667, 68.82777778],
            [21.18722222, 68.82416667],
            [21.21361111, 68.81694444],
            [21.23861111, 68.81222222],
            [21.24388889, 68.80722222],
            [21.25222222, 68.8025],
            [21.25555556, 68.79638889],
            [21.26194444, 68.79222222],
            [21.26277778, 68.78638889],
            [21.27083333, 68.78027778],
            [21.28666667, 68.77111111],
            [21.29944444, 68.76277778],
            [21.31944444, 68.75944444],
            [21.33361111, 68.76083333],
            [21.34555556, 68.76361111],
            [21.35694444, 68.76611111],
            [21.36694444, 68.76694444],
            [21.39111111, 68.76416667],
            [21.3925, 68.76],
            [21.40138889, 68.75722222],
            [21.40833333, 68.75055556],
            [21.40972222, 68.74527778],
            [21.40638889, 68.74166667],
            [21.40777778, 68.73416667],
            [21.41444444, 68.73083333],
            [21.41388889, 68.72277778],
            [21.41805556, 68.71916667],
            [21.4225, 68.71583333],
            [21.41333333, 68.71027778],
            [21.42194444, 68.70527778],
            [21.42333333, 68.70111111],
            [21.42055556, 68.69694444],
            [21.43722222, 68.69],
            [21.45861111, 68.68611111],
            [21.46611111, 68.68222222],
            [21.48555556, 68.68055556],
            [21.50138889, 68.67694444],
            [21.51833333, 68.67638889],
            [21.52472222, 68.67694444],
            [21.54, 68.67555556],
            [21.56305556, 68.67555556],
            [21.57527778, 68.67],
            [21.59666667, 68.66694444],
            [21.61722222, 68.66472222],
            [21.62361111, 68.66166667],
            [21.62638889, 68.65527778],
            [21.63694444, 68.65361111],
            [21.64222222, 68.65055556],
            [21.64972222, 68.65055556],
            [21.65944444, 68.64472222],
            [21.66611111, 68.63972222],
            [21.68222222, 68.63555556],
            [21.69777778, 68.63166667],
            [21.71, 68.625],
            [21.7125, 68.61777778],
            [21.69944444, 68.61388889],
            [21.7, 68.59888889],
            [21.7075, 68.595],
            [21.71472222, 68.59166667],
            [21.73277778, 68.58972222],
            [21.75277778, 68.5875],
            [21.76972222, 68.58638889],
            [21.77472222, 68.58555556],
            [21.78888889, 68.58638889],
            [21.79944444, 68.58694444],
            [21.81416667, 68.58972222],
            [21.82305556, 68.58916667],
            [21.84111111, 68.59111111],
            [21.86277778, 68.58861111],
            [21.86305556, 68.58472222],
            [21.86944444, 68.58472222],
            [21.88388889, 68.585],
            [21.89777778, 68.58083333],
            [21.90555556, 68.57694444],
            [21.91361111, 68.57222222],
            [21.92833333, 68.56777778],
            [21.93972222, 68.56055556],
            [21.94777778, 68.55611111],
            [21.95444444, 68.55472222],
            [21.97361111, 68.54861111],
            [21.98055556, 68.54166667],
            [21.99222222, 68.53361111],
            [22.00194444, 68.53472222],
            [22.00611111, 68.53333333],
            [22.00861111, 68.53111111],
            [22.00166667, 68.52555556],
            [21.99722222, 68.52277778],
            [22.00555556, 68.51388889],
            [22.01083333, 68.50222222],
            [22.03305556, 68.48472222],
            [22.04472222, 68.47972222],
            [22.06027778, 68.47944444],
            [22.0775, 68.48166667],
            [22.09694444, 68.48166667],
            [22.10333333, 68.47833333],
            [22.11333333, 68.48222222],
            [22.1225, 68.48111111],
            [22.12638889, 68.4725],
            [22.15444444, 68.47027778],
            [22.17638889, 68.47638889],
            [22.18638889, 68.47916667],
            [22.19777778, 68.47972222],
            [22.20472222, 68.48055556],
            [22.22222222, 68.47305556],
            [22.23972222, 68.47861111],
            [22.25472222, 68.48194444],
            [22.27638889, 68.47888889],
            [22.28888889, 68.48083333],
            [22.29638889, 68.48361111],
            [22.31472222, 68.48111111],
            [22.33416667, 68.48111111],
            [22.34972222, 68.48111111],
            [22.345, 68.47138889],
            [22.34972222, 68.46444444],
            [22.34444444, 68.45861111],
            [22.34666667, 68.4525],
            [22.34166667, 68.44666667],
            [22.35583333, 68.44638889],
            [22.37916667, 68.45583333],
            [22.39083333, 68.46166667],
            [22.40222222, 68.46611111],
            [22.40694444, 68.46666667],
            [22.41166667, 68.46666667],
            [22.41972222, 68.46361111],
            [22.42944444, 68.46472222],
            [22.43638889, 68.46388889],
            [22.43833333, 68.45944444],
            [22.44777778, 68.45444444],
            [22.45972222, 68.44638889],
            [22.46666667, 68.44194444],
            [22.47638889, 68.44305556],
            [22.49055556, 68.44277778],
            [22.50972222, 68.44055556],
            [22.51722222, 68.43833333],
            [22.53444444, 68.43444444],
            [22.55222222, 68.43416667],
            [22.56, 68.43194444],
            [22.56222222, 68.43],
            [22.56722222, 68.42555556],
            [22.57638889, 68.42194444],
            [22.58416667, 68.42361111],
            [22.59694444, 68.42555556],
            [22.60833333, 68.42694444],
            [22.61722222, 68.42805556],
            [22.62, 68.43305556],
            [22.63472222, 68.43472222],
            [22.64361111, 68.43111111],
            [22.64305556, 68.42833333],
            [22.64083333, 68.42444444],
            [22.64055556, 68.42083333],
            [22.64944444, 68.41583333],
            [22.66305556, 68.41333333],
            [22.67861111, 68.41138889],
            [22.70194444, 68.41527778],
            [22.69166667, 68.40666667],
            [22.69138889, 68.40444444],
            [22.68611111, 68.40166667],
            [22.69444444, 68.39916667],
            [22.7075, 68.39805556],
            [22.71833333, 68.39666667],
            [22.72611111, 68.39416667],
            [22.72972222, 68.38972222],
            [22.73555556, 68.385],
            [22.75416667, 68.38472222],
            [22.79638889, 68.39361111],
            [22.80194444, 68.39333333],
            [22.81027778, 68.38972222],
            [22.82583333, 68.38805556],
            [22.83833333, 68.38472222],
            [22.84472222, 68.38194444],
            [22.84, 68.37777778],
            [22.83583333, 68.37277778],
            [22.83416667, 68.36805556],
            [22.845, 68.36166667],
            [22.85361111, 68.36055556],
            [22.86, 68.35916667],
            [22.8675, 68.35583333],
            [22.87722222, 68.35222222],
            [22.89194444, 68.34916667],
            [22.9, 68.34583333],
            [22.90694444, 68.34277778],
            [22.90916667, 68.33722222],
            [22.91694444, 68.33361111],
            [22.9275, 68.33305556],
            [22.94388889, 68.33305556],
            [22.96472222, 68.3325],
            [22.97305556, 68.33083333],
            [22.97722222, 68.32388889],
            [22.98694444, 68.32027778],
            [23.00055556, 68.31666667],
            [23.03416667, 68.3075],
            [23.05444444, 68.30694444],
            [23.06583333, 68.30055556],
            [23.06833333, 68.29555556],
            [23.06194444, 68.28],
            [23.06888889, 68.27638889],
            [23.07944444, 68.26472222],
            [23.09083333, 68.26138889],
            [23.10111111, 68.25833333],
            [23.1125, 68.25194444],
            [23.12666667, 68.24888889],
            [23.14166667, 68.24833333],
            [23.14555556, 68.24166667],
            [23.15055556, 68.23666667],
            [23.15277778, 68.23138889],
            [23.14694444, 68.22416667],
            [23.14222222, 68.21722222],
            [23.14527778, 68.21138889],
            [23.14583333, 68.20527778],
            [23.1525, 68.20055556],
            [23.16027778, 68.19805556],
            [23.16138889, 68.19527778],
            [23.14916667, 68.19055556],
            [23.14638889, 68.18472222],
            [23.14111111, 68.17777778],
            [23.14305556, 68.17055556],
            [23.14166667, 68.16194444],
            [23.14138889, 68.15361111],
            [23.14944444, 68.145],
            [23.15805556, 68.13555556],
            [23.17194444, 68.13388889],
            [23.18333333, 68.1375],
            [23.20694444, 68.1425],
            [23.20916667, 68.145],
            [23.2375, 68.14888889],
            [23.24361111, 68.14861111],
            [23.25666667, 68.15194444],
            [23.25833333, 68.15638889],
            [23.27666667, 68.15694444],
            [23.28666667, 68.15416667],
            [23.29361111, 68.14972222],
            [23.30611111, 68.14888889],
            [23.30638889, 68.14472222],
            [23.31555556, 68.14],
            [23.32194444, 68.13277778],
            [23.33027778, 68.12361111],
            [23.32805556, 68.11583333],
            [23.33527778, 68.10888889],
            [23.33722222, 68.1],
            [23.34944444, 68.09361111],
            [23.35833333, 68.08388889],
            [23.36305556, 68.07611111],
            [23.37166667, 68.06916667],
            [23.36972222, 68.06305556],
            [23.38138889, 68.0575],
            [23.38944444, 68.05388889],
            [23.38638889, 68.04944444],
            [23.39833333, 68.04333333],
            [23.42666667, 68.03861111],
            [23.45194444, 68.03472222],
            [23.46638889, 68.02972222],
            [23.46444444, 68.02555556],
            [23.47055556, 68.01944444],
            [23.47611111, 68.0175],
            [23.48972222, 68.01444444],
            [23.51277778, 68.00972222],
            [23.53472222, 68.00527778],
            [23.53666667, 67.99583333],
            [23.55305556, 67.98055556],
            [23.57638889, 67.97194444],
            [23.60638889, 67.97166667],
            [23.61472222, 67.96916667],
            [23.63555556, 67.96638889],
            [23.65222222, 67.95944444],
            [23.65055556, 67.95222222],
            [23.66444444, 67.94222222],
            [23.65083333, 67.93194444],
            [23.64472222, 67.92583333],
            [23.64527778, 67.91888889],
            [23.63833333, 67.91444444],
            [23.62638889, 67.91138889],
            [23.6075, 67.90555556],
            [23.59333333, 67.90194444],
            [23.58083333, 67.89305556],
            [23.55694444, 67.89777778],
            [23.54555556, 67.89194444],
            [23.52055556, 67.88583333],
            [23.50583333, 67.87833333],
            [23.49611111, 67.865],
            [23.48888889, 67.84722222],
            [23.48194444, 67.83111111],
            [23.47361111, 67.81777778],
            [23.47888889, 67.805],
            [23.49333333, 67.78916667],
            [23.48833333, 67.76916667],
            [23.48972222, 67.75222222],
            [23.47638889, 67.74],
            [23.48638889, 67.73111111],
            [23.47805556, 67.71777778],
            [23.47972222, 67.70305556],
            [23.49277778, 67.69416667],
            [23.49722222, 67.68361111],
            [23.49222222, 67.66805556],
            [23.50944444, 67.65055556],
            [23.53, 67.63861111],
            [23.53888889, 67.62694444],
            [23.55555556, 67.62194444],
            [23.54194444, 67.60722222],
            [23.54444444, 67.58638889],
            [23.51361111, 67.56527778],
            [23.48444444, 67.56722222],
            [23.46388889, 67.565],
            [23.46222222, 67.55361111],
            [23.48388889, 67.53916667],
            [23.45555556, 67.52527778],
            [23.43527778, 67.51111111],
            [23.41944444, 67.50361111],
            [23.40583333, 67.50027778],
            [23.39444444, 67.48694444],
            [23.40305556, 67.47944444],
            [23.40722222, 67.46972222],
            [23.43083333, 67.46472222],
            [23.45583333, 67.45555556],
            [23.49638889, 67.44638889],
            [23.52583333, 67.45277778],
            [23.54944444, 67.46111111],
            [23.70055556, 67.44611111],
            [23.76416667, 67.42944444],
            [23.73194444, 67.39444444],
            [23.73222222, 67.38027778],
            [23.75805556, 67.34833333],
            [23.77277778, 67.33555556],
            [23.75694444, 67.32388889],
            [23.745, 67.3075],
            [23.72638889, 67.285],
            [23.64527778, 67.27694444],
            [23.56888889, 67.26472222],
            [23.56666667, 67.25166667],
            [23.55472222, 67.23194444],
            [23.55638889, 67.22388889],
            [23.5925, 67.21027778],
            [23.58805556, 67.19194444],
            [23.5625, 67.18305556],
            [23.555, 67.16638889],
            [23.60583333, 67.13388889],
            [23.65472222, 67.10277778],
            [23.67472222, 67.06416667],
            [23.7575, 67.00611111],
            [23.81527778, 66.97916667],
            [23.85194444, 66.9575],
            [23.86694444, 66.91722222],
            [23.93527778, 66.88388889],
            [23.955, 66.86111111],
            [23.99555556, 66.82027778],
            [23.98388889, 66.80027778],
            [23.97888889, 66.78527778],
            [23.95305556, 66.78472222],
            [23.91416667, 66.79444444],
            [23.91055556, 66.77527778],
            [23.89055556, 66.76805556],
            [23.87861111, 66.75222222],
            [23.90444444, 66.72361111],
            [23.88694444, 66.67388889],
            [23.86972222, 66.66],
            [23.87166667, 66.62805556],
            [23.88333333, 66.61],
            [23.87666667, 66.57916667],
            [23.86083333, 66.56694444],
            [23.85055556, 66.55555556],
            [23.80805556, 66.54555556],
            [23.79416667, 66.53861111],
            [23.79583333, 66.51861111],
            [23.77166667, 66.51361111],
            [23.75055556, 66.50444444],
            [23.72972222, 66.50666667],
            [23.72583333, 66.49722222],
            [23.71916667, 66.47666667],
            [23.68722222, 66.47166667],
            [23.65166667, 66.45555556],
            [23.64416667, 66.42527778],
            [23.67166667, 66.39638889],
            [23.68888889, 66.38638889],
            [23.67333333, 66.36666667],
            [23.66055556, 66.35472222],
            [23.65944444, 66.3325],
            [23.65861111, 66.3175],
            [23.65, 66.30888889],
            [23.66916667, 66.27666667],
            [23.66861111, 66.26083333],
            [23.69805556, 66.24444444],
            [23.69416667, 66.23444444],
            [23.70805556, 66.22027778],
            [23.72916667, 66.21],
            [23.73194444, 66.19388889],
            [23.77055556, 66.18888889],
            [23.80388889, 66.17972222],
            [23.83416667, 66.17083333],
            [23.88222222, 66.16611111],
            [23.92305556, 66.15833333],
            [23.92888889, 66.14638889],
            [23.91805556, 66.13611111],
            [23.93777778, 66.12333333],
            [23.94305556, 66.10388889],
            [23.9375, 66.08222222],
            [23.97444444, 66.05611111],
            [24.00305556, 66.03055556],
            [24.02611111, 66.01805556],
            [24.05111111, 65.99611111],
            [24.04027778, 65.96805556],
            [24.05611111, 65.95194444],
            [24.06583333, 65.9475],
            [24.08722222, 65.93361111],
            [24.11833333, 65.93194444],
            [24.1125, 65.91333333],
            [24.12777778, 65.89194444],
            [24.14222222, 65.87555556],
            [24.15194444, 65.86305556],
            [24.12833333, 65.85805556],
            [24.12833333, 65.84972222],
            [24.14666667, 65.83861111],
            [24.15638889, 65.81583333],
            [24.12944444, 65.78388889],
            [24.13166667, 65.77361111],
            [24.17361111, 65.72416667],
            [24.16666667, 65.69833333],
            [24.1775, 65.66027778],
            [24.14388889, 65.57194444],
            [24.14, 65.53],
            [22.91666667, 64.68333333],
            [21.5, 63.61666667],
            [20.88388889, 63.5125],
            [20.74472222, 63.57666667],
            [20.28527778, 63.78861111],
            [19.45055556, 63.82083333],
            [18.86861111, 63.80722222],
            [18.28166667, 63.915],
            [13.70944444, 64.64333333],
            [14.32583333, 65.11888889],
            [14.37888889, 65.2475],
            [14.50694444, 65.30972222],
            [14.50388889, 65.35055556],
            [14.50083333, 65.44472222],
            [14.49944444, 65.49472222],
            [14.49888889, 65.52138889],
            [14.53, 65.65027778],
            [14.54138889, 65.70083333],
            [14.57888889, 65.75055556],
            [14.62555556, 65.81194444],
            [14.59388889, 65.88055556],
            [14.58444444, 65.90138889],
            [14.57916667, 65.92777778],
            [14.57305556, 65.95777778],
            [14.51638889, 66.1325],
            [14.91888889, 66.14805556],
            [15.03527778, 66.15333333],
            [15.50388889, 66.08583333],
            [16.39333333, 67],
            [17.44777778, 68.08444444],
            [17.6, 68.0525],
            [17.66416667, 68.03666667],
            [17.69305556, 68.02972222],
            [17.89388889, 67.97083333],
            [18.01472222, 68.07416667],
            [18.03416667, 68.09277778],
            [18.14777778, 68.2025],
            [18.15, 68.20472222],
            [18.1, 68.41166667],
            [18.12583333, 68.53638889],
            [18.40555556, 68.58194444],
            [18.48555556, 68.55638889],
            [18.62111111, 68.50694444],
            [18.98361111, 68.51694444],
            [19.91472222, 68.35972222],
            [20.22638889, 68.49083333],
            [20.02583333, 68.53083333],
            [19.9375, 68.55805556],
            [20.05222222, 68.59111111],
            [20.19638889, 68.66055556],
            [20.27361111, 68.74027778],
            [20.33583333, 68.80222222],
            [20.30638889, 68.92611111],
            [20.26277778, 68.94472222],
            [20.18805556, 68.98138889],
            [20.06, 69.04583333],
            [20.54861111, 69.06]
          ]
        ]
      },
      "geometry_name": "GEOMETRY",
      "properties": {
        "NAMEOFAREA": "ESOS K:1",
        "VERTICALFILTER": "UPPER",
        "UPPER": 999,
        "LOWER": 0}
    },
    {
      "type": "Feature",
      "id": "ATCCS_ESOS.10030",
      "geometry": {
        "type": "Polygon",
        "coordinates": [
          [
            [16.24805556, 67],
            [16.39333333, 67],
            [15.50388889, 66.08583333],
            [15.03527778, 66.15333333],
            [15.13222222, 66.18166667],
            [15.18944444, 66.19805556],
            [15.21361111, 66.20555556],
            [15.22194444, 66.2075],
            [15.31055556, 66.23416667],
            [15.40888889, 66.26111111],
            [15.41694444, 66.26361111],
            [15.45027778, 66.27277778],
            [15.47694444, 66.28027778],
            [15.48444444, 66.28222222],
            [15.4575, 66.33833333],
            [15.44777778, 66.35694444],
            [15.43027778, 66.39222222],
            [15.42194444, 66.40666667],
            [15.41611111, 66.41416667],
            [15.40555556, 66.43527778],
            [15.37888889, 66.48055556],
            [15.37694444, 66.48416667],
            [15.37861111, 66.485],
            [15.40083333, 66.49694444],
            [15.40666667, 66.50083333],
            [15.45111111, 66.52361111],
            [15.53305556, 66.5575],
            [15.53527778, 66.55833333],
            [15.62138889, 66.59416667],
            [15.64388889, 66.61138889],
            [15.65166667, 66.61722222],
            [15.65333333, 66.61916667],
            [15.65833333, 66.6225],
            [15.69166667, 66.64833333],
            [15.69888889, 66.65333333],
            [15.71611111, 66.66694444],
            [15.71861111, 66.66833333],
            [15.72555556, 66.67361111],
            [15.80722222, 66.73527778],
            [15.82611111, 66.74888889],
            [15.82722222, 66.75],
            [15.84444444, 66.76222222],
            [15.90694444, 66.80722222],
            [15.92, 66.81722222],
            [15.99305556, 66.87305556],
            [16, 66.87888889],
            [16.03861111, 66.91222222],
            [16.08361111, 66.93277778],
            [16.15194444, 66.96361111],
            [16.15638889, 66.96527778],
            [16.16777778, 66.97027778],
            [16.175, 66.97333333],
            [16.19166667, 66.98055556],
            [16.24472222, 66.99805556],
            [16.24805556, 67]
          ]
        ]
      },
      "geometry_name": "GEOMETRY",
      "properties": {
        "NAMEOFAREA": "ESOS K:3",
        "VERTICALFILTER": "LOWER",
        "UPPER": 95,
        "LOWER": 0}
    },
    {
      "type": "Feature",
      "id": "ATCCS_ESOS.10031",
      "geometry": {
        "type": "Polygon",
        "coordinates": [
          [
            [16.85861111, 59.28388889],
            [16.78944444, 59.16194444],
            [16.71111111, 59.0125],
            [16.67166667, 58.9425],
            [16.20111111, 58.85638889],
            [16.46777778, 59.03277778],
            [16.66138889, 59.15916667],
            [16.85861111, 59.28388889]
          ]
        ]
      },
      "geometry_name": "GEOMETRY",
      "properties": {
        "NAMEOFAREA": "ESOS 7:6",
        "VERTICALFILTER": "LOWER",
        "UPPER": 285,
        "LOWER": 0}
    },
    {
      "type": "Feature",
      "id": "ATCCS_ESOS.10044",
      "geometry": {
        "type": "Polygon",
        "coordinates": [
          [
            [17.74666667, 59.24944444],
            [17.79777778, 59.24944444],
            [18.13666667, 59.01305556],
            [17.45694444, 58.61638889],
            [17.40777778, 58.96611111],
            [17.26, 58.97583333],
            [17.57444444, 59.1625],
            [17.74666667, 59.24944444]
          ]
        ]
      },
      "geometry_name": "GEOMETRY",
      "properties": {
        "NAMEOFAREA": "ESOS 2:2",
        "VERTICALFILTER": "LOWER",
        "UPPER": 285,
        "LOWER": 105}
    },
    {
      "type": "Feature",
      "id": "ATCCS_ESOS.10045",
      "geometry": {
        "type": "Polygon",
        "coordinates": [
          [
            [17.26, 58.97583333],
            [17.40777778, 58.96611111],
            [17.45694444, 58.61638889],
            [17.215, 58.36638889],
            [17.04777778, 58.26166667],
            [16.63555556, 58.16972222],
            [16.43222222, 58.12444444],
            [16.26166667, 57.99583333],
            [16.05, 58.05],
            [16.19444444, 58.18583333],
            [16.59666667, 58.56444444],
            [16.93222222, 58.79583333],
            [16.98333333, 58.83111111],
            [17.26, 58.97583333]
          ]
        ]
      },
      "geometry_name": "GEOMETRY",
      "properties": {
        "NAMEOFAREA": "ESOS 2:3",
        "VERTICALFILTER": "LOWER",
        "UPPER": 285,
        "LOWER": 95}
    },
    {
      "type": "Feature",
      "id": "ATCCS_ESOS.10046",
      "geometry": {
        "type": "Polygon",
        "coordinates": [
          [
            [18.47972222, 59.21333333],
            [18.47472222, 59.11777778],
            [18.67527778, 58.07833333],
            [17.82388889, 57.74138889],
            [16.75722222, 57.87166667],
            [16.26166667, 57.99583333],
            [16.43222222, 58.12444444],
            [16.63555556, 58.16972222],
            [17.04777778, 58.26166667],
            [17.215, 58.36638889],
            [17.45694444, 58.61638889],
            [18.13666667, 59.01305556],
            [18.47972222, 59.21333333]
          ]
        ]
      },
      "geometry_name": "GEOMETRY",
      "properties": {
        "NAMEOFAREA": "ESOS 2:4",
        "VERTICALFILTER": "LOWER",
        "UPPER": 285,
        "LOWER": 0}
    },
    {
      "type": "Feature",
      "id": "ATCCS_ESOS.10047",
      "geometry": {
        "type": "Polygon",
        "coordinates": [
          [
            [18.67527778, 58.07833333],
            [18.91277778, 57.70694444],
            [18.56055556, 57.33194444],
            [17.83805556, 57.45805556],
            [17.82388889, 57.74138889],
            [18.67527778, 58.07833333]
          ]
        ]
      },
      "geometry_name": "GEOMETRY",
      "properties": {
        "NAMEOFAREA": "ESOS 2:5",
        "VERTICALFILTER": "LOWER",
        "UPPER": 155,
        "LOWER": 0}
    },
    {
      "type": "Feature",
      "id": "ATCCS_ESOS.10048",
      "geometry": {
        "type": "Polygon",
        "coordinates": [
          [
            [16.33222222, 60.46527778],
            [16.9, 60.36888889],
            [17.30166667, 60.11111111],
            [17.24222222, 59.95861111],
            [17.09666667, 59.69944444],
            [16.91777778, 59.39222222],
            [16.68, 59.36583333],
            [16.31833333, 59.32388889],
            [15.69083333, 59.29083333],
            [15.30777778, 59.52222222],
            [15.74333333, 60.075],
            [15.81361111, 60.16055556],
            [16.33222222, 60.46527778]
          ]
        ]
      },
      "geometry_name": "GEOMETRY",
      "properties": {
        "NAMEOFAREA": "ESOS 3:3",
        "VERTICALFILTER": "UPPER",
        "UPPER": 999,
        "LOWER": 285}
    },
    {
      "type": "Feature",
      "id": "ATCCS_ESOS.10049",
      "geometry": {
        "type": "Polygon",
        "coordinates": [
          [
            [14.62027778, 58.90472222],
            [14.98277778, 58.74666667],
            [15.17944444, 58.65027778],
            [14.16388889, 58.24305556],
            [14.1875, 58.45833333],
            [14.26833333, 58.63472222],
            [14.33944444, 58.78777778],
            [14.62027778, 58.90472222]
          ]
        ]
      },
      "geometry_name": "GEOMETRY",
      "properties": {
        "NAMEOFAREA": "ESOS 3:2",
        "VERTICALFILTER": "LOWER",
        "UPPER": 195,
        "LOWER": 0}
    },
    {
      "type": "Feature",
      "id": "ATCCS_ESOS.10050",
      "geometry": {
        "type": "Polygon",
        "coordinates": [
          [
            [16.91777778, 59.39222222],
            [16.85861111, 59.28388889],
            [16.66138889, 59.15916667],
            [16.46777778, 59.03277778],
            [16.20111111, 58.85638889],
            [15.80611111, 58.7825],
            [16.31833333, 59.32388889],
            [16.68, 59.36583333],
            [16.91777778, 59.39222222]
          ]
        ]
      },
      "geometry_name": "GEOMETRY",
      "properties": {
        "NAMEOFAREA": "ESOS 3:4",
        "VERTICALFILTER": "UPPER",
        "UPPER": 999,
        "LOWER": 175}
    },
    {
      "type": "Feature",
      "id": "ATCCS_ESOS.10051",
      "geometry": {
        "type": "Polygon",
        "coordinates": [
          [
            [16.20111111, 58.85638889],
            [15.525, 58.47694444],
            [15.21055556, 58.635],
            [15.17944444, 58.65027778],
            [15.24416667, 58.67444444],
            [15.80611111, 58.7825],
            [16.20111111, 58.85638889]
          ]
        ]
      },
      "geometry_name": "GEOMETRY",
      "properties": {
        "NAMEOFAREA": "ESOS 3:5",
        "VERTICALFILTER": "UPPER",
        "UPPER": 999,
        "LOWER": 285}
    },
    {
      "type": "Feature",
      "id": "ATCCS_ESOS.10052",
      "geometry": {
        "type": "Polygon",
        "coordinates": [
          [
            [18.40777778, 61.63027778],
            [19.48277778, 61.60555556],
            [19.31805556, 61],
            [19.14722222, 60.35777778],
            [18.57472222, 60.24],
            [18.15222222, 60.15277778],
            [18.08083333, 60.16],
            [18.04888889, 60.17277778],
            [17.94555556, 60.21305556],
            [17.82805556, 60.25805556],
            [17.59666667, 60.23277778],
            [17.3425, 60.12583333],
            [17.30166667, 60.11111111],
            [16.9, 60.36888889],
            [17.51333333, 61.1425],
            [18.40777778, 61.63027778]
          ]
        ]
      },
      "geometry_name": "GEOMETRY",
      "properties": {
        "NAMEOFAREA": "ESOS 4:1",
        "VERTICALFILTER": "UPPER",
        "UPPER": 999,
        "LOWER": 0}
    },
    {
      "type": "Feature",
      "id": "ATCCS_ESOS.10053",
      "geometry": {
        "type": "Polygon",
        "coordinates": [
          [
            [19.14722222, 60.35777778],
            [19.13222222, 60.30083333],
            [19.08666667, 60.19166667],
            [19.205, 60.10861111],
            [18.74027778, 60.02277778],
            [18.68388889, 60.09666667],
            [18.15222222, 60.15277778],
            [18.57472222, 60.24],
            [19.14722222, 60.35777778]
          ]
        ]
      },
      "geometry_name": "GEOMETRY",
      "properties": {
        "NAMEOFAREA": "ESOS 4:2",
        "VERTICALFILTER": "LOWER",
        "UPPER": 285,
        "LOWER": 0}
    },
    {
      "type": "Feature",
      "id": "ATCCS_ESOS.10054",
      "geometry": {
        "type": "Polygon",
        "coordinates": [
          [
            [18.15222222, 60.15277778],
            [18.68388889, 60.09666667],
            [18.74027778, 60.02277778],
            [18.02583333, 59.89055556],
            [17.93666667, 59.65],
            [17.40416667, 59.59305556],
            [17.33166667, 59.97611111],
            [17.975, 60.11583333],
            [18.05305556, 60.13222222],
            [18.15222222, 60.15277778]
          ]
        ]
      },
      "geometry_name": "GEOMETRY",
      "properties": {
        "NAMEOFAREA": "ESOS 4:3",
        "VERTICALFILTER": "LOWER",
        "UPPER": 285,
        "LOWER": 195}
    },
    {
      "type": "Feature",
      "id": "ATCCS_ESOS.10055",
      "geometry": {
        "type": "Polygon",
        "coordinates": [
          [
            [17.82805556, 60.25805556],
            [17.94555556, 60.21305556],
            [18.04888889, 60.17277778],
            [18.08083333, 60.16],
            [18.15222222, 60.15277778],
            [18.05305556, 60.13222222],
            [17.975, 60.11583333],
            [17.33166667, 59.97611111],
            [17.30166667, 60.11111111],
            [17.3425, 60.12583333],
            [17.59666667, 60.23277778],
            [17.82805556, 60.25805556]
          ]
        ]
      },
      "geometry_name": "GEOMETRY",
      "properties": {
        "NAMEOFAREA": "ESOS 4:4",
        "VERTICALFILTER": "UPPER",
        "UPPER": 999,
        "LOWER": 195}
    },
    {
      "type": "Feature",
      "id": "ATCCS_ESOS.10056",
      "geometry": {
        "type": "Polygon",
        "coordinates": [
          [
            [17.30166667, 60.11111111],
            [17.33166667, 59.97611111],
            [17.24222222, 59.95861111],
            [17.30166667, 60.11111111]
          ]
        ]
      },
      "geometry_name": "GEOMETRY",
      "properties": {
        "NAMEOFAREA": "ESOS 4:5",
        "VERTICALFILTER": "UPPER",
        "UPPER": 999,
        "LOWER": 285}
    },
    {
      "type": "Feature",
      "id": "ATCCS_ESOS.10039",
      "geometry": {
        "type": "Polygon",
        "coordinates": [
          [
            [12.87083333, 61.35638889],
            [14.57055556, 61.07194444],
            [16.33222222, 60.46527778],
            [15.81361111, 60.16055556],
            [15.74333333, 60.075],
            [15.30777778, 59.52222222],
            [15.69083333, 59.29083333],
            [16.31833333, 59.32388889],
            [15.80611111, 58.7825],
            [15.24416667, 58.67444444],
            [15.17944444, 58.65027778],
            [14.98277778, 58.74666667],
            [14.62027778, 58.90472222],
            [13.69055556, 59.29888889],
            [13.17111111, 59.5125],
            [12.32222222, 59.75],
            [12.17416667, 59.88972222],
            [12.23111111, 59.9275],
            [12.34111111, 59.96555556],
            [12.35805556, 59.98111111],
            [12.37861111, 60],
            [12.39555556, 60.01555556],
            [12.42472222, 60.02666667],
            [12.44861111, 60.03916667],
            [12.44972222, 60.04027778],
            [12.48027778, 60.07305556],
            [12.4975, 60.095],
            [12.50222222, 60.10388889],
            [12.50555556, 60.11027778],
            [12.54194444, 60.19333333],
            [12.525, 60.22361111],
            [12.50444444, 60.28111111],
            [12.49888889, 60.32361111],
            [12.53555556, 60.3425],
            [12.54777778, 60.34972222],
            [12.60611111, 60.40583333],
            [12.60694444, 60.51277778],
            [12.58166667, 60.55083333],
            [12.51583333, 60.60027778],
            [12.51083333, 60.64222222],
            [12.68111111, 61.05944444],
            [12.70694444, 61.14333333],
            [12.79027778, 61.19694444],
            [12.79777778, 61.20777778],
            [12.83388889, 61.25833333],
            [12.87083333, 61.35638889]
          ]
        ]
      },
      "geometry_name": "GEOMETRY",
      "properties": {
        "NAMEOFAREA": "ESOS 3:1",
        "VERTICALFILTER": "UPPER",
        "UPPER": 999,
        "LOWER": 0}
    },
    {
      "type": "Feature",
      "id": "ATCCS_ESOS.10040",
      "geometry": {
        "type": "Polygon",
        "coordinates": [
          [
            [16.20111111, 58.85638889],
            [16.98333333, 58.83111111],
            [16.93222222, 58.79583333],
            [16.59666667, 58.56444444],
            [16.19444444, 58.18583333],
            [15.525, 58.47694444],
            [15.80611111, 58.7825],
            [16.20111111, 58.85638889]
          ]
        ]
      },
      "geometry_name": "GEOMETRY",
      "properties": {
        "NAMEOFAREA": "ESOS 1:1",
        "VERTICALFILTER": "LOWER",
        "UPPER": 175,
        "LOWER": 0}
    },
    {
      "type": "Feature",
      "id": "ATCCS_ESOS.10041",
      "geometry": {
        "type": "Polygon",
        "coordinates": [
          [
            [15.80611111, 58.7825],
            [15.525, 58.47694444],
            [16.19444444, 58.18583333],
            [16.05, 58.05],
            [16.26166667, 57.99583333],
            [16.0825, 57.86722222],
            [15.16972222, 57.23777778],
            [15.07416667, 57.16916667],
            [14.62861111, 57.2275],
            [14.10527778, 57.43083333],
            [13.7025, 57.51638889],
            [13.60722222, 57.53666667],
            [13.96777778, 58.03388889],
            [14.16388889, 58.24305556],
            [15.17944444, 58.65027778],
            [15.24416667, 58.67444444],
            [15.80611111, 58.7825]
          ]
        ]
      },
      "geometry_name": "GEOMETRY",
      "properties": {
        "NAMEOFAREA": "ESOS 1:2",
        "VERTICALFILTER": "LOWER",
        "UPPER": 285,
        "LOWER": 0}
    },
    {
      "type": "Feature",
      "id": "ATCCS_ESOS.10043",
      "geometry": {
        "type": "Polygon",
        "coordinates": [
          [
            [17.85222222, 59.40444444],
            [17.96416667, 59.34777778],
            [18.47972222, 59.21333333],
            [18.13666667, 59.01305556],
            [17.79777778, 59.24944444],
            [17.85222222, 59.40444444]
          ]
        ]
      },
      "geometry_name": "GEOMETRY",
      "properties": {
        "NAMEOFAREA": "ESOS 2:1",
        "VERTICALFILTER": "LOWER",
        "UPPER": 285,
        "LOWER": 195}
    },
    {
      "type": "Feature",
      "id": "ATCCS_ESOS.10042",
      "geometry": {
        "type": "Polygon",
        "coordinates": [
          [
            [14.62861111, 57.2275],
            [15.07416667, 57.16916667],
            [15.0025, 57.11777778],
            [14.88083333, 56.86527778],
            [14.53333333, 57.12138889],
            [14.62861111, 57.2275]
          ]
        ]
      },
      "geometry_name": "GEOMETRY",
      "properties": {
        "NAMEOFAREA": "ESOS 1:3",
        "VERTICALFILTER": "LOWER",
        "UPPER": 195,
        "LOWER": 0}
    }
  ],
        "numberMatched": 92,
        "timeStamp": "2025-03-19T10:47:43.310Z",
  "crs": {
    "type": "name",
    "properties": {
      "name": "urn:ogc:def:crs:EPSG::4326"
    }
  }
}