{
  "type": "FeatureCollection",
  "features": [
    {
      "type": "Feature",
      "id": "TMAS.21282",
      "geometry": {
        "type": "Polygon",
        "coordinates": [
          [
            [14.30777778, 55.29055556],
            [14.41472222, 55.25944444],
            [14.42476813, 55.26496891],
            [14.43698697, 55.27126568],
            [14.449586, 55.27731455],
            [14.46254984, 55.28310815],
            [14.47586263, 55.28863943],
            [14.48950809, 55.29390163],
            [14.50346954, 55.29888835],
            [14.51772986, 55.30359352],
            [14.53227158, 55.3080114],
            [14.54707687, 55.31213662],
            [14.56212757, 55.31596414],
            [14.5774052, 55.3194893],
            [14.592891, 55.32270781],
            [14.60856596, 55.32561576],
            [14.6244108, 55.32820958],
            [14.64040605, 55.33048614],
            [14.65653205, 55.33244264],
            [14.67276895, 55.33407672],
            [14.6890968, 55.33538637],
            [14.70549549, 55.33637002],
            [14.72194485, 55.33702644],
            [14.73842464, 55.33735486],
            [14.75491458, 55.33735486],
            [14.77139437, 55.33702644],
            [14.78784373, 55.33637002],
            [14.80424242, 55.33538637],
            [14.82057027, 55.33407672],
            [14.83680717, 55.33244264],
            [14.85293317, 55.33048614],
            [14.86892842, 55.32820958],
            [14.88477327, 55.32561576],
            [14.90044822, 55.32270781],
            [14.91593402, 55.3194893],
            [14.93121166, 55.31596414],
            [14.94626235, 55.31213662],
            [14.96106764, 55.3080114],
            [14.97560936, 55.30359352],
            [14.98986968, 55.29888835],
            [15.00383113, 55.29390163],
            [15.0174766, 55.28863943],
            [15.03078939, 55.28310815],
            [15.04375322, 55.27731455],
            [15.05635225, 55.27126568],
            [15.06857109, 55.26496891],
            [15.08039484, 55.2584319],
            [15.09180903, 55.25166261],
            [15.10279985, 55.24466932],
            [15.1133539, 55.23746053],
            [15.12345836, 55.23004503],
            [15.13310096, 55.22243185],
            [15.14227003, 55.21463028],
            [15.15095446, 55.2066498],
            [15.15914378, 55.19850015],
            [15.1668281, 55.19019126],
            [15.17399821, 55.18173325],
            [15.18064542, 55.17313641],
            [15.18676181, 55.16441123],
            [15.19234009, 55.15556833],
            [15.1973736, 55.1466185],
            [15.20185639, 55.13757264],
            [15.20578317, 55.12844176],
            [15.20914933, 55.11923699],
            [15.21195095, 55.10996955],
            [15.21418483, 55.10065072],
            [15.21584842, 55.09129187],
            [15.21693991, 55.08190439],
            [15.21745816, 55.07249972],
            [15.21740275, 55.06308931],
            [15.21677394, 55.05368464],
            [15.2155727, 55.04429716],
            [15.2138007, 55.03493831],
            [15.2114603, 55.02561948],
            [15.20855453, 55.01635204],
            [15.20508712, 55.00714727],
            [15.20106249, 54.99801639],
            [15.19648571, 54.98897053],
            [15.19136254, 54.9800207],
            [15.18569937, 54.9711778],
            [15.17950325, 54.96245262],
            [15.17278189, 54.95385578],
            [15.16554359, 54.94539776],
            [15.15779731, 54.93708886],
            [15.14955259, 54.92893921],
            [15.14081957, 54.92095873],
            [15.13160899, 54.91315715],
            [15.12193214, 54.90554397],
            [15.11180086, 54.89812847],
            [15.10122756, 54.89091969],
            [15.09022514, 54.8839264],
            [15.07880703, 54.87715713],
            [15.06698715, 54.87062013],
            [15.05477989, 54.86432336],
            [15.04220011, 54.85827448],
            [15.02926309, 54.85248088],
            [15.01598454, 54.84694961],
            [15.00238059, 54.84168741],
            [14.98846773, 54.83670068],
            [14.97426282, 54.83199551],
            [14.95978308, 54.82757763],
            [14.94504602, 54.82345242],
            [14.93006948, 54.8196249],
            [14.91487157, 54.81609973],
            [14.89947067, 54.81288122],
            [14.88388537, 54.80997328],
            [14.86813452, 54.80737945],
            [14.85223712, 54.8051029],
            [14.83621237, 54.80314639],
            [14.82007961, 54.80151231],
            [14.8038583, 54.80020266],
            [14.78756801, 54.79921902],
            [14.7712284, 54.79856259],
            [14.75485917, 54.79823418],
            [14.73848006, 54.79823418],
            [14.72211082, 54.79856259],
            [14.70577121, 54.79921902],
            [14.68948092, 54.80020266],
            [14.67325962, 54.80151231],
            [14.65712685, 54.80314639],
            [14.6411021, 54.8051029],
            [14.6252047, 54.80737945],
            [14.60945385, 54.80997328],
            [14.59386856, 54.81288122],
            [14.57846765, 54.81609973],
            [14.56326974, 54.8196249],
            [14.5482932, 54.82345242],
            [14.53355615, 54.82757763],
            [14.5190764, 54.83199551],
            [14.50487149, 54.83670068],
            [14.49095863, 54.84168741],
            [14.47735468, 54.84694961],
            [14.46407614, 54.85248088],
            [14.45113912, 54.85827448],
            [14.43855933, 54.86432336],
            [14.42635207, 54.87062013],
            [14.41453219, 54.87715713],
            [14.40311409, 54.8839264],
            [14.39211167, 54.89091969],
            [14.38153836, 54.89812847],
            [14.37140709, 54.90554397],
            [14.36173023, 54.91315715],
            [14.3575, 54.91666667],
            [14.16666667, 54.91666667],
            [14.16666667, 55.17583333],
            [14.30777778, 55.29055556]
          ]
        ]
      },
      "geometry_name": "GEOMETRY",
      "properties": {
        "TYPEOFAREA": "TMAS",
        "NAMEOFAREA": "Roenne TMA a",
        "POSITIONINDICATOR": "EKRN",
        "DATETIMEOFCHG": null,
        "NAMEOFOPERATOR": null,
        "ORIGIN": "AIP",
        "LOCATION": "Roenne TMA a",
        "UPPER": "4500",
        "LOWER": "3500",
        "WEF": "2025-02-20",
        "COMMENT_1": "D",
        "COMMENT_2": null,
        "QUALITY": "ROUTINE",
        "CRC_ID": null,
        "CRC_POS": null,
        "CRC_TOT": null,
        "MSID": 4210,
        "IDNR": 21282,
        "MI_STYLE": null
      }
    },
    {
      "type": "Feature",
      "id": "TMAS.21283",
      "geometry": {
        "type": "Polygon",
        "coordinates": [
          [
            [14.74666667, 54.79837258],
            [14.70545288, 54.79941982],
            [14.66455528, 54.80255351],
            [14.62428776, 54.8077496],
            [14.58495967, 54.81496819],
            [14.54687357, 54.82415386],
            [14.51032302, 54.83523601],
            [14.47559043, 54.84812942],
            [14.44294494, 54.86273486],
            [14.41264043, 54.87893979],
            [14.38491354, 54.89661923],
            [14.35998191, 54.91563663],
            [14.33804237, 54.93584494],
            [14.31926945, 54.95708766],
            [14.30381383, 54.97920003],
            [14.29180112, 55.00201027],
            [14.28333073, 55.0253409],
            [14.27847487, 55.04901006],
            [14.27727788, 55.07283296],
            [14.27975563, 55.09662324],
            [14.28589523, 55.1201945],
            [14.2956549, 55.14336173],
            [14.3089641, 55.16594277],
            [14.32572394, 55.18775974],
            [14.3458077, 55.20864054],
            [14.36906178, 55.22842016],
            [14.39530671, 55.24694205],
            [14.42433848, 55.26405944],
            [14.45593013, 55.27963645],
            [14.48983348, 55.29354934],
            [14.52578109, 55.30568741],
            [14.56348845, 55.31595402],
            [14.60265629, 55.32426736],
            [14.64297304, 55.33056112],
            [14.68411746, 55.33478508],
            [14.72576128, 55.33690552],
            [14.76757205, 55.33690552],
            [14.80921588, 55.33478508],
            [14.85036029, 55.33056112],
            [14.89067704, 55.32426736],
            [14.92984488, 55.31595402],
            [14.96755225, 55.30568741],
            [15.00349986, 55.29354934],
            [15.0374032, 55.27963645],
            [15.06899485, 55.26405944],
            [15.09802663, 55.24694205],
            [15.12427155, 55.22842016],
            [15.14752563, 55.20864054],
            [15.1676094, 55.18775974],
            [15.18436923, 55.16594277],
            [15.19767844, 55.14336173],
            [15.2074381, 55.1201945],
            [15.2135777, 55.09662324],
            [15.21605546, 55.07283296],
            [15.21485846, 55.04901006],
            [15.21000261, 55.0253409],
            [15.20153221, 55.00201027],
            [15.1895195, 54.97920003],
            [15.17406388, 54.95708766],
            [15.15529096, 54.93584494],
            [15.13335143, 54.91563663],
            [15.10841979, 54.89661923],
            [15.08069291, 54.87893979],
            [15.05038839, 54.86273486],
            [15.0177429, 54.84812942],
            [14.98301031, 54.83523601],
            [14.94645977, 54.82415386],
            [14.90837367, 54.81496819],
            [14.86904558, 54.8077496],
            [14.82877806, 54.80255351],
            [14.78788045, 54.79941982],
            [14.74666667, 54.79837258]
          ]
        ]
      },
      "geometry_name": "GEOMETRY",
      "properties": {
        "TYPEOFAREA": "TMAS",
        "NAMEOFAREA": "Roenne TMA b",
        "POSITIONINDICATOR": "EKRN",
        "DATETIMEOFCHG": null,
        "NAMEOFOPERATOR": null,
        "ORIGIN": "AIP",
        "LOCATION": "Roenne TMA b",
        "UPPER": "3500",
        "LOWER": "1500",
        "WEF": "2025-02-20",
        "COMMENT_1": "D",
        "COMMENT_2": null,
        "QUALITY": "ROUTINE",
        "CRC_ID": null,
        "CRC_POS": null,
        "CRC_TOT": null,
        "MSID": 4211,
        "IDNR": 21283,
        "MI_STYLE": null
      }
    },
    {
      "type": "Feature",
      "id": "TMAS.21284",
      "geometry": {
        "type": "Polygon",
        "coordinates": [
          [
            [17.36333333, 59.0625],
            [17.97944444, 58.925],
            [17.77166667, 58.80277778],
            [17.45694444, 58.61638889],
            [17.40777778, 58.96611111],
            [17.22333333, 58.97861111],
            [17.36333333, 59.0625]
          ]
        ]
      },
      "geometry_name": "GEOMETRY",
      "properties": {
        "TYPEOFAREA": "TMAS",
        "NAMEOFAREA": "Stockholm TMA i",
        "POSITIONINDICATOR": "ESSA",
        "DATETIMEOFCHG": null,
        "NAMEOFOPERATOR": null,
        "ORIGIN": "AIP",
        "LOCATION": "Stockholm TMA i",
        "UPPER": "FL 95",
        "LOWER": "3000",
        "WEF": "2025-02-20",
        "COMMENT_1": "C",
        "COMMENT_2": null,
        "QUALITY": "ROUTINE",
        "CRC_ID": null,
        "CRC_POS": null,
        "CRC_TOT": null,
        "MSID": 5431,
        "IDNR": 21284,
        "MI_STYLE": null
      }
    },
    {
      "type": "Feature",
      "id": "TMAS.21285",
      "geometry": {
        "type": "Polygon",
        "coordinates": [
          [
            [20.63944444, 64.84611111],
            [21.79055556, 64.70916667],
            [21.77972222, 64.645],
            [21.52, 64.34472222],
            [20.34111111, 64.48111111],
            [20.56555556, 64.78888889],
            [20.63944444, 64.84611111]
          ]
        ]
      },
      "geometry_name": "GEOMETRY",
      "properties": {
        "TYPEOFAREA": "TMAS",
        "NAMEOFAREA": "Skellefteå TMA a",
        "POSITIONINDICATOR": "ESNS",
        "DATETIMEOFCHG": null,
        "NAMEOFOPERATOR": null,
        "ORIGIN": "AIP",
        "LOCATION": "Skellefteå TMA a",
        "UPPER": "FL 95",
        "LOWER": "2000",
        "WEF": "2025-02-20",
        "COMMENT_1": "C",
        "COMMENT_2": null,
        "QUALITY": "ROUTINE",
        "CRC_ID": null,
        "CRC_POS": null,
        "CRC_TOT": null,
        "MSID": 4216,
        "IDNR": 21285,
        "MI_STYLE": null
      }
    },
    {
      "type": "Feature",
      "id": "TMAS.21286",
      "geometry": {
        "type": "Polygon",
        "coordinates": [
          [
            [20.34111111, 64.48111111],
            [21.52, 64.34472222],
            [21.35555556, 64.18666667],
            [20.19361111, 64.27444444],
            [20.34111111, 64.48111111]
          ]
        ]
      },
      "geometry_name": "GEOMETRY",
      "properties": {
        "TYPEOFAREA": "TMAS",
        "NAMEOFAREA": "Skellefteå TMA b",
        "POSITIONINDICATOR": "ESNS",
        "DATETIMEOFCHG": null,
        "NAMEOFOPERATOR": null,
        "ORIGIN": "AIP",
        "LOCATION": "Skellefteå TMA b",
        "UPPER": "FL 95",
        "LOWER": "4500",
        "WEF": "2025-02-20",
        "COMMENT_1": "C",
        "COMMENT_2": null,
        "QUALITY": "ROUTINE",
        "CRC_ID": null,
        "CRC_POS": null,
        "CRC_TOT": null,
        "MSID": 4217,
        "IDNR": 21286,
        "MI_STYLE": null
      }
    },
    {
      "type": "Feature",
      "id": "TMAS.21287",
      "geometry": {
        "type": "Polygon",
        "coordinates": [
          [
            [18.21305556, 60.29944444],
            [18.24638889, 60.09527778],
            [18.11305556, 59.91333333],
            [17.64861111, 59.86555556],
            [18.21305556, 60.29944444]
          ]
        ]
      },
      "geometry_name": "GEOMETRY",
      "properties": {
        "TYPEOFAREA": "TMAS",
        "NAMEOFAREA": "Stockholm TMA a",
        "POSITIONINDICATOR": "ESSA",
        "DATETIMEOFCHG": null,
        "NAMEOFOPERATOR": null,
        "ORIGIN": "AIP",
        "LOCATION": "Stockholm TMA a",
        "UPPER": "FL 95",
        "LOWER": "1200",
        "WEF": "2025-02-20",
        "COMMENT_1": "C",
        "COMMENT_2": null,
        "QUALITY": "ROUTINE",
        "CRC_ID": null,
        "CRC_POS": null,
        "CRC_TOT": null,
        "MSID": 4218,
        "IDNR": 21287,
        "MI_STYLE": null
      }
    },
    {
      "type": "Feature",
      "id": "TMAS.21288",
      "geometry": {
        "type": "Polygon",
        "coordinates": [
          [
            [18.21305556, 60.29944444],
            [18.55472222, 60.26611111],
            [18.99638889, 59.68277778],
            [18.69, 59.40611111],
            [18.16333333, 59.38277778],
            [18.16333333, 59.24944444],
            [17.74666667, 59.24944444],
            [17.74666667, 59.32444444],
            [17.69666667, 59.32444444],
            [17.69666667, 59.36611111],
            [17.74666667, 59.36611111],
            [17.74666667, 59.44111111],
            [17.955, 59.44111111],
            [17.96333333, 59.49111111],
            [17.78, 59.50777778],
            [17.69666667, 59.55777778],
            [17.78, 59.81611111],
            [18.17972222, 59.81611111],
            [18.11305556, 59.91333333],
            [18.24638889, 60.09527778],
            [18.21305556, 60.29944444]
          ]
        ]
      },
      "geometry_name": "GEOMETRY",
      "properties": {
        "TYPEOFAREA": "TMAS",
        "NAMEOFAREA": "Stockholm TMA b",
        "POSITIONINDICATOR": "ESSA",
        "DATETIMEOFCHG": null,
        "NAMEOFOPERATOR": null,
        "ORIGIN": "AIP",
        "LOCATION": "Stockholm TMA b",
        "UPPER": "FL 95",
        "LOWER": "2000",
        "WEF": "2025-02-20",
        "COMMENT_1": "C",
        "COMMENT_2": null,
        "QUALITY": "ROUTINE",
        "CRC_ID": null,
        "CRC_POS": null,
        "CRC_TOT": null,
        "MSID": 4219,
        "IDNR": 21288,
        "MI_STYLE": null
      }
    },
    {
      "type": "Feature",
      "id": "TMAS.21289",
      "geometry": {
        "type": "Polygon",
        "coordinates": [
          [
            [18.69, 59.40611111],
            [18.47972222, 59.21333333],
            [18.17361111, 59.0375],
            [18.03, 59.08277778],
            [17.91333333, 59.24944444],
            [18.16333333, 59.24944444],
            [18.16333333, 59.38277778],
            [18.69, 59.40611111]
          ]
        ]
      },
      "geometry_name": "GEOMETRY",
      "properties": {
        "TYPEOFAREA": "TMAS",
        "NAMEOFAREA": "Stockholm TMA c",
        "POSITIONINDICATOR": "ESSA",
        "DATETIMEOFCHG": null,
        "NAMEOFOPERATOR": null,
        "ORIGIN": "AIP",
        "LOCATION": "Stockholm TMA c",
        "UPPER": "FL 95",
        "LOWER": "1500",
        "WEF": "2025-02-20",
        "COMMENT_1": "C",
        "COMMENT_2": null,
        "QUALITY": "ROUTINE",
        "CRC_ID": null,
        "CRC_POS": null,
        "CRC_TOT": null,
        "MSID": 4220,
        "IDNR": 21289,
        "MI_STYLE": null
      }
    },
    {
      "type": "Feature",
      "id": "TMAS.21290",
      "geometry": {
        "type": "Polygon",
        "coordinates": [
          [
            [17.09666667, 59.69944444],
            [17.36333333, 59.64111111],
            [17.36333333, 59.24944444],
            [17.91333333, 59.24944444],
            [18.03, 59.08277778],
            [18.17361111, 59.0375],
            [17.97944444, 58.925],
            [17.36333333, 59.0625],
            [16.92916667, 59.40861111],
            [17.09666667, 59.69944444]
          ]
        ]
      },
      "geometry_name": "GEOMETRY",
      "properties": {
        "TYPEOFAREA": "TMAS",
        "NAMEOFAREA": "Stockholm TMA d",
        "POSITIONINDICATOR": "ESSA",
        "DATETIMEOFCHG": null,
        "NAMEOFOPERATOR": null,
        "ORIGIN": "AIP",
        "LOCATION": "Stockholm TMA d",
        "UPPER": "FL 95",
        "LOWER": "2000",
        "WEF": "2025-02-20",
        "COMMENT_1": "C",
        "COMMENT_2": null,
        "QUALITY": "ROUTINE",
        "CRC_ID": null,
        "CRC_POS": null,
        "CRC_TOT": null,
        "MSID": 4221,
        "IDNR": 21290,
        "MI_STYLE": null
      }
    },
    {
      "type": "Feature",
      "id": "TMAS.21304",
      "geometry": {
        "type": "Polygon",
        "coordinates": [
          [
            [13.41222222, 56.32222222],
            [13.175, 56.12277778],
            [13.04611111, 56.06027778],
            [12.9825, 56.08722222],
            [12.80777778, 56.19666667],
            [13.41222222, 56.32222222]
          ]
        ]
      },
      "geometry_name": "GEOMETRY",
      "properties": {
        "TYPEOFAREA": "TMAS",
        "NAMEOFAREA": "Sector Klippan",
        "POSITIONINDICATOR": "ESTA",
        "DATETIMEOFCHG": null,
        "NAMEOFOPERATOR": null,
        "ORIGIN": "AIP",
        "LOCATION": "Sector Klippan",
        "UPPER": "FL 65",
        "LOWER": "1500",
        "WEF": "2025-02-20",
        "COMMENT_1": "C",
        "COMMENT_2": null,
        "QUALITY": "ROUTINE",
        "CRC_ID": null,
        "CRC_POS": null,
        "CRC_TOT": null,
        "MSID": 5509,
        "IDNR": 21304,
        "MI_STYLE": null
      }
    },
    {
      "type": "Feature",
      "id": "TMAS.21305",
      "geometry": {
        "type": "Polygon",
        "coordinates": [
          [
            [13.07055556, 56.58888889],
            [13.41222222, 56.32222222],
            [12.44277778, 56.38666667],
            [12.56833333, 56.55083333],
            [12.62305556, 56.46527778],
            [12.76694444, 56.43805556],
            [12.95888889, 56.47666667],
            [13.07055556, 56.58888889]
          ]
        ]
      },
      "geometry_name": "GEOMETRY",
      "properties": {
        "TYPEOFAREA": "TMAS",
        "NAMEOFAREA": "Ängelholm TMA a",
        "POSITIONINDICATOR": "ESTA",
        "DATETIMEOFCHG": null,
        "NAMEOFOPERATOR": null,
        "ORIGIN": "AIP",
        "LOCATION": "Ängelholm TMA a",
        "UPPER": "FL 95",
        "LOWER": "1500",
        "WEF": "2025-02-20",
        "COMMENT_1": "C",
        "COMMENT_2": null,
        "QUALITY": "ROUTINE",
        "CRC_ID": null,
        "CRC_POS": null,
        "CRC_TOT": null,
        "MSID": 5510,
        "IDNR": 21305,
        "MI_STYLE": null
      }
    },
    {
      "type": "Feature",
      "id": "TMAS.21291",
      "geometry": {
        "type": "Polygon",
        "coordinates": [
          [
            [17.51944444, 59.76444444],
            [17.36333333, 59.64111111],
            [17.09666667, 59.69944444],
            [17.51944444, 59.76444444]
          ]
        ]
      },
      "geometry_name": "GEOMETRY",
      "properties": {
        "TYPEOFAREA": "TMAS",
        "NAMEOFAREA": "Stockholm TMA e",
        "POSITIONINDICATOR": "ESSA",
        "DATETIMEOFCHG": null,
        "NAMEOFOPERATOR": null,
        "ORIGIN": "AIP",
        "LOCATION": "Stockholm TMA e",
        "UPPER": "FL 95",
        "LOWER": "1200",
        "WEF": "2025-02-20",
        "COMMENT_1": "C",
        "COMMENT_2": null,
        "QUALITY": "ROUTINE",
        "CRC_ID": null,
        "CRC_POS": null,
        "CRC_TOT": null,
        "MSID": 4224,
        "IDNR": 21291,
        "MI_STYLE": null
      }
    },
    {
      "type": "Feature",
      "id": "TMAS.21292",
      "geometry": {
        "type": "Polygon",
        "coordinates": [
          [
            [18.11305556, 59.91333333],
            [18.17972222, 59.81611111],
            [17.78, 59.81611111],
            [17.58, 59.66611111],
            [17.58, 59.40777778],
            [17.74666667, 59.38277778],
            [17.74666667, 59.36611111],
            [17.69666667, 59.36611111],
            [17.69666667, 59.32444444],
            [17.74666667, 59.32444444],
            [17.74666667, 59.24944444],
            [17.36333333, 59.24944444],
            [17.36333333, 59.64111111],
            [17.64861111, 59.86555556],
            [18.11305556, 59.91333333]
          ]
        ]
      },
      "geometry_name": "GEOMETRY",
      "properties": {
        "TYPEOFAREA": "TMAS",
        "NAMEOFAREA": "Stockholm TMA f",
        "POSITIONINDICATOR": "ESSA",
        "DATETIMEOFCHG": null,
        "NAMEOFOPERATOR": null,
        "ORIGIN": "AIP",
        "LOCATION": "Stockholm TMA f",
        "UPPER": "FL 95",
        "LOWER": "1500",
        "WEF": "2025-02-20",
        "COMMENT_1": "C",
        "COMMENT_2": null,
        "QUALITY": "ROUTINE",
        "CRC_ID": null,
        "CRC_POS": null,
        "CRC_TOT": null,
        "MSID": 4225,
        "IDNR": 21292,
        "MI_STYLE": null
      }
    },
    {
      "type": "Feature",
      "id": "TMAS.21293",
      "geometry": {
        "type": "Polygon",
        "coordinates": [
          [
            [17.78, 59.81611111],
            [17.69666667, 59.55777778],
            [17.78, 59.50777778],
            [17.96333333, 59.49111111],
            [17.955, 59.44111111],
            [17.74666667, 59.44111111],
            [17.74666667, 59.38277778],
            [17.58, 59.40777778],
            [17.58, 59.66611111],
            [17.78, 59.81611111]
          ]
        ]
      },
      "geometry_name": "GEOMETRY",
      "properties": {
        "TYPEOFAREA": "TMAS",
        "NAMEOFAREA": "Stockholm TMA g",
        "POSITIONINDICATOR": "ESSA",
        "DATETIMEOFCHG": null,
        "NAMEOFOPERATOR": null,
        "ORIGIN": "AIP",
        "LOCATION": "Stockholm TMA g",
        "UPPER": "FL 95",
        "LOWER": "1200",
        "WEF": "2025-02-20",
        "COMMENT_1": "C",
        "COMMENT_2": null,
        "QUALITY": "ROUTINE",
        "CRC_ID": null,
        "CRC_POS": null,
        "CRC_TOT": null,
        "MSID": 4226,
        "IDNR": 21293,
        "MI_STYLE": null
      }
    },
    {
      "type": "Feature",
      "id": "TMAS.21294",
      "geometry": {
        "type": "Polygon",
        "coordinates": [
          [
            [18.21305556, 60.29944444],
            [17.51944444, 59.76444444],
            [17.09666667, 59.69944444],
            [16.92916667, 59.40861111],
            [17.36333333, 59.0625],
            [17.22333333, 58.97861111],
            [16.70777778, 59.01194444],
            [16.26777778, 59.04944444],
            [16.31833333, 59.32388889],
            [16.44666667, 59.74944444],
            [17.59666667, 60.23277778],
            [18.21305556, 60.29944444]
          ]
        ]
      },
      "geometry_name": "GEOMETRY",
      "properties": {
        "TYPEOFAREA": "TMAS",
        "NAMEOFAREA": "Stockholm TMA h",
        "POSITIONINDICATOR": "ESSA",
        "DATETIMEOFCHG": null,
        "NAMEOFOPERATOR": null,
        "ORIGIN": "AIP",
        "LOCATION": "Stockholm TMA h",
        "UPPER": "FL 95",
        "LOWER": "4500",
        "WEF": "2025-02-20",
        "COMMENT_1": "C",
        "COMMENT_2": null,
        "QUALITY": "ROUTINE",
        "CRC_ID": null,
        "CRC_POS": null,
        "CRC_TOT": null,
        "MSID": 4227,
        "IDNR": 21294,
        "MI_STYLE": null
      }
    },
    {
      "type": "Feature",
      "id": "TMAS.21295",
      "geometry": {
        "type": "Polygon",
        "coordinates": [
          [
            [19.31361111, 60.03527778],
            [19.82805556, 59.67361111],
            [19.27361111, 59.59944444],
            [18.83611111, 59.53888889],
            [18.99638889, 59.68277778],
            [18.84694444, 59.88277778],
            [19.31361111, 60.03527778]
          ]
        ]
      },
      "geometry_name": "GEOMETRY",
      "properties": {
        "TYPEOFAREA": "TMAS",
        "NAMEOFAREA": "Stockholm TMA k",
        "POSITIONINDICATOR": "ESSA",
        "DATETIMEOFCHG": null,
        "NAMEOFOPERATOR": null,
        "ORIGIN": "AIP",
        "LOCATION": "Stockholm TMA k",
        "UPPER": "FL 95",
        "LOWER": "FL 65",
        "WEF": "2025-02-20",
        "COMMENT_1": "C",
        "COMMENT_2": null,
        "QUALITY": "ROUTINE",
        "CRC_ID": null,
        "CRC_POS": null,
        "CRC_TOT": null,
        "MSID": 4229,
        "IDNR": 21295,
        "MI_STYLE": null
      }
    },
    {
      "type": "Feature",
      "id": "TMAS.21296",
      "geometry": {
        "type": "Polygon",
        "coordinates": [
          [
            [17.56416667, 63.02222222],
            [17.68638889, 62.75194444],
            [17.77472222, 62.71388889],
            [18.21083333, 62.61777778],
            [16.76, 62.47277778],
            [16.67305556, 62.6575],
            [16.71611111, 62.905],
            [17.56416667, 63.02222222]
          ]
        ]
      },
      "geometry_name": "GEOMETRY",
      "properties": {
        "TYPEOFAREA": "TMAS",
        "NAMEOFAREA": "Sundsvall TMA a",
        "POSITIONINDICATOR": "ESNN",
        "DATETIMEOFCHG": null,
        "NAMEOFOPERATOR": null,
        "ORIGIN": "AIP",
        "LOCATION": "Sundsvall TMA a",
        "UPPER": "FL 95",
        "LOWER": "2500",
        "WEF": "2025-02-20",
        "COMMENT_1": "C",
        "COMMENT_2": null,
        "QUALITY": "ROUTINE",
        "CRC_ID": null,
        "CRC_POS": null,
        "CRC_TOT": null,
        "MSID": 4230,
        "IDNR": 21296,
        "MI_STYLE": null
      }
    },
    {
      "type": "Feature",
      "id": "TMAS.21297",
      "geometry": {
        "type": "Polygon",
        "coordinates": [
          [
            [18.21083333, 62.61777778],
            [18.14333333, 62.20472222],
            [17.14027778, 62.06805556],
            [16.76, 62.47277778],
            [18.21083333, 62.61777778]
          ]
        ]
      },
      "geometry_name": "GEOMETRY",
      "properties": {
        "TYPEOFAREA": "TMAS",
        "NAMEOFAREA": "Sundsvall TMA b",
        "POSITIONINDICATOR": "ESNN",
        "DATETIMEOFCHG": null,
        "NAMEOFOPERATOR": null,
        "ORIGIN": "AIP",
        "LOCATION": "Sundsvall TMA b",
        "UPPER": "FL 95",
        "LOWER": "2000",
        "WEF": "2025-02-20",
        "COMMENT_1": "C",
        "COMMENT_2": null,
        "QUALITY": "ROUTINE",
        "CRC_ID": null,
        "CRC_POS": null,
        "CRC_TOT": null,
        "MSID": 4231,
        "IDNR": 21297,
        "MI_STYLE": null
      }
    },
    {
      "type": "Feature",
      "id": "TMAS.21298",
      "geometry": {
        "type": "Polygon",
        "coordinates": [
          [
            [17.89916667, 63.06694444],
            [18.06083333, 62.98055556],
            [18.25416667, 62.87611111],
            [18.21083333, 62.61777778],
            [17.77472222, 62.71388889],
            [17.68638889, 62.75194444],
            [17.56416667, 63.02222222],
            [17.89916667, 63.06694444]
          ]
        ]
      },
      "geometry_name": "GEOMETRY",
      "properties": {
        "TYPEOFAREA": "TMAS",
        "NAMEOFAREA": "Sundsvall TMA c",
        "POSITIONINDICATOR": "ESNN",
        "DATETIMEOFCHG": null,
        "NAMEOFOPERATOR": null,
        "ORIGIN": "AIP",
        "LOCATION": "Sundsvall TMA c",
        "UPPER": "FL 95",
        "LOWER": "4500",
        "WEF": "2025-02-20",
        "COMMENT_1": "C",
        "COMMENT_2": null,
        "QUALITY": "ROUTINE",
        "CRC_ID": null,
        "CRC_POS": null,
        "CRC_TOT": null,
        "MSID": 4232,
        "IDNR": 21298,
        "MI_STYLE": null
      }
    },
    {
      "type": "Feature",
      "id": "TMAS.21299",
      "geometry": {
        "type": "Polygon",
        "coordinates": [
          [
            [16.67305556, 62.6575],
            [16.76, 62.47277778],
            [17.14027778, 62.06805556],
            [18.14333333, 62.20472222],
            [18.04444444, 61.92861111],
            [17.6325, 61.87055556],
            [17.45805556, 61.86],
            [16.92416667, 62.0375],
            [16.81222222, 62.10055556],
            [16.62888889, 62.40444444],
            [16.67305556, 62.6575]
          ]
        ]
      },
      "geometry_name": "GEOMETRY",
      "properties": {
        "TYPEOFAREA": "TMAS",
        "NAMEOFAREA": "Sundsvall TMA d",
        "POSITIONINDICATOR": "ESNN",
        "DATETIMEOFCHG": null,
        "NAMEOFOPERATOR": null,
        "ORIGIN": "AIP",
        "LOCATION": "Sundsvall TMA d",
        "UPPER": "FL 95",
        "LOWER": "4500",
        "WEF": "2025-02-20",
        "COMMENT_1": "C",
        "COMMENT_2": null,
        "QUALITY": "ROUTINE",
        "CRC_ID": null,
        "CRC_POS": null,
        "CRC_TOT": null,
        "MSID": 4233,
        "IDNR": 21299,
        "MI_STYLE": null
      }
    },
    {
      "type": "Feature",
      "id": "TMAS.21300",
      "geometry": {
        "type": "Polygon",
        "coordinates": [
          [
            [12.29555556, 58.64555556],
            [13.12916667, 58.10027778],
            [12.785, 58.10805556],
            [12.35388889, 58.11638889],
            [12.08861111, 58.25305556],
            [11.9975, 58.29972222],
            [11.9975, 58.46527778],
            [12.29555556, 58.64555556]
          ]
        ]
      },
      "geometry_name": "GEOMETRY",
      "properties": {
        "TYPEOFAREA": "TMAS",
        "NAMEOFAREA": "Sector Trollhättan",
        "POSITIONINDICATOR": "ESGG",
        "DATETIMEOFCHG": null,
        "NAMEOFOPERATOR": null,
        "ORIGIN": "AIP",
        "LOCATION": "Sector Trollhättan",
        "UPPER": "4500",
        "LOWER": "1500",
        "WEF": "2025-02-20",
        "COMMENT_1": "C",
        "COMMENT_2": null,
        "QUALITY": "ROUTINE",
        "CRC_ID": null,
        "CRC_POS": null,
        "CRC_TOT": null,
        "MSID": 4234,
        "IDNR": 21300,
        "MI_STYLE": null
      }
    },
    {
      "type": "Feature",
      "id": "TMAS.21301",
      "geometry": {
        "type": "Polygon",
        "coordinates": [
          [
            [20.10972222, 64.23583333],
            [20.94416667, 63.78305556],
            [20.64638889, 63.48111111],
            [20.42333333, 63.37888889],
            [19.33361111, 63.8725],
            [20.10972222, 64.23583333]
          ]
        ]
      },
      "geometry_name": "GEOMETRY",
      "properties": {
        "TYPEOFAREA": "TMAS",
        "NAMEOFAREA": "Umeå TMA a",
        "POSITIONINDICATOR": "ESNU",
        "DATETIMEOFCHG": null,
        "NAMEOFOPERATOR": null,
        "ORIGIN": "AIP",
        "LOCATION": "Umeå TMA a",
        "UPPER": "FL 95",
        "LOWER": "2000",
        "WEF": "2025-02-20",
        "COMMENT_1": "C",
        "COMMENT_2": null,
        "QUALITY": "ROUTINE",
        "CRC_ID": null,
        "CRC_POS": null,
        "CRC_TOT": null,
        "MSID": 4235,
        "IDNR": 21301,
        "MI_STYLE": null
      }
    },
    {
      "type": "Feature",
      "id": "TMAS.21302",
      "geometry": {
        "type": "Polygon",
        "coordinates": [
          [
            [20.19361111, 64.27444444],
            [21.35555556, 64.18666667],
            [20.94416667, 63.78305556],
            [20.10972222, 64.23583333],
            [20.19361111, 64.27444444]
          ]
        ]
      },
      "geometry_name": "GEOMETRY",
      "properties": {
        "TYPEOFAREA": "TMAS",
        "NAMEOFAREA": "Umeå TMA b",
        "POSITIONINDICATOR": "ESNU",
        "DATETIMEOFCHG": null,
        "NAMEOFOPERATOR": null,
        "ORIGIN": "AIP",
        "LOCATION": "Umeå TMA b",
        "UPPER": "FL 95",
        "LOWER": "4500",
        "WEF": "2025-02-20",
        "COMMENT_1": "C",
        "COMMENT_2": null,
        "QUALITY": "ROUTINE",
        "CRC_ID": null,
        "CRC_POS": null,
        "CRC_TOT": null,
        "MSID": 4236,
        "IDNR": 21302,
        "MI_STYLE": null
      }
    },
    {
      "type": "Feature",
      "id": "TMAS.21303",
      "geometry": {
        "type": "Polygon",
        "coordinates": [
          [
            [13.07055556, 56.58888889],
            [12.95888889, 56.47666667],
            [12.76694444, 56.43805556],
            [12.62305556, 56.46527778],
            [12.56833333, 56.55083333],
            [12.74805556, 56.53916667],
            [13.07055556, 56.58888889]
          ]
        ]
      },
      "geometry_name": "GEOMETRY",
      "properties": {
        "TYPEOFAREA": "TMAS",
        "NAMEOFAREA": "Sector Laholm",
        "POSITIONINDICATOR": "ESTA",
        "DATETIMEOFCHG": null,
        "NAMEOFOPERATOR": null,
        "ORIGIN": "AIP",
        "LOCATION": "Sector Laholm",
        "UPPER": "FL 95",
        "LOWER": "1500",
        "WEF": "2025-02-20",
        "COMMENT_1": "C",
        "COMMENT_2": null,
        "QUALITY": "ROUTINE",
        "CRC_ID": null,
        "CRC_POS": null,
        "CRC_TOT": null,
        "MSID": 5508,
        "IDNR": 21303,
        "MI_STYLE": null
      }
    },
    {
      "type": "Feature",
      "id": "TMAS.21321",
      "geometry": {
        "type": "Polygon",
        "coordinates": [
          [
            [13.91222222, 56.22111111],
            [14.29472222, 55.6775],
            [14.01861111, 55.62611111],
            [13.80166667, 55.70444444],
            [13.83388889, 55.85638889],
            [13.86444444, 56],
            [13.91222222, 56.22111111]
          ]
        ]
      },
      "geometry_name": "GEOMETRY",
      "properties": {
        "TYPEOFAREA": "TMAS",
        "NAMEOFAREA": "Kristianstad TMA b",
        "POSITIONINDICATOR": "ESMK",
        "DATETIMEOFCHG": null,
        "NAMEOFOPERATOR": null,
        "ORIGIN": "AIP",
        "LOCATION": "Kristianstad TMA b",
        "UPPER": "FL 65",
        "LOWER": "1700",
        "WEF": "2025-02-20",
        "COMMENT_1": "C",
        "COMMENT_2": null,
        "QUALITY": "ROUTINE",
        "CRC_ID": null,
        "CRC_POS": null,
        "CRC_TOT": null,
        "MSID": 5533,
        "IDNR": 21321,
        "MI_STYLE": null
      }
    },
    {
      "type": "Feature",
      "id": "TMAS.21322",
      "geometry": {
        "type": "Polygon",
        "coordinates": [
          [
            [14.32083333, 56.47722222],
            [14.39694444, 56.21527778],
            [13.91222222, 56.22111111],
            [13.93416667, 56.47694444],
            [14.32083333, 56.47722222]
          ]
        ]
      },
      "geometry_name": "GEOMETRY",
      "properties": {
        "TYPEOFAREA": "TMAS",
        "NAMEOFAREA": "Kristianstad TMA c",
        "POSITIONINDICATOR": "ESMK",
        "DATETIMEOFCHG": null,
        "NAMEOFOPERATOR": null,
        "ORIGIN": "AIP",
        "LOCATION": "Kristianstad TMA c",
        "UPPER": "FL 95",
        "LOWER": "4500",
        "WEF": "2025-02-20",
        "COMMENT_1": "C",
        "COMMENT_2": null,
        "QUALITY": "ROUTINE",
        "CRC_ID": null,
        "CRC_POS": null,
        "CRC_TOT": null,
        "MSID": 5535,
        "IDNR": 21322,
        "MI_STYLE": null
      }
    },
    {
      "type": "Feature",
      "id": "TMAS.21323",
      "geometry": {
        "type": "Polygon",
        "coordinates": [
          [
            [14.48833333, 63.48472222],
            [15.27833333, 63.33972222],
            [15.19694444, 63.05722222],
            [14.8225, 62.855],
            [14.35972222, 62.96611111],
            [14.03277778, 63.15194444],
            [13.89333333, 63.23027778],
            [14.01388889, 63.33277778],
            [14.48833333, 63.48472222]
          ]
        ]
      },
      "geometry_name": "GEOMETRY",
      "properties": {
        "TYPEOFAREA": "TMAS",
        "NAMEOFAREA": "Östersund TMA a",
        "POSITIONINDICATOR": "ESNZ",
        "DATETIMEOFCHG": null,
        "NAMEOFOPERATOR": null,
        "ORIGIN": "AIP",
        "LOCATION": "Östersund TMA a",
        "UPPER": "FL 95",
        "LOWER": "2300",
        "WEF": "2025-02-20",
        "COMMENT_1": "C",
        "COMMENT_2": null,
        "QUALITY": "ROUTINE",
        "CRC_ID": null,
        "CRC_POS": null,
        "CRC_TOT": null,
        "MSID": 7875,
        "IDNR": 21323,
        "MI_STYLE": null
      }
    },
    {
      "type": "Feature",
      "id": "TMAS.21324",
      "geometry": {
        "type": "Polygon",
        "coordinates": [
          [
            [15.27833333, 63.33972222],
            [15.5975, 63.27944444],
            [15.30083333, 62.76111111],
            [15.05194444, 62.6875],
            [14.0325, 62.97861111],
            [14.03277778, 63.15194444],
            [14.35972222, 62.96611111],
            [14.8225, 62.855],
            [15.19694444, 63.05722222],
            [15.27833333, 63.33972222]
          ]
        ]
      },
      "geometry_name": "GEOMETRY",
      "properties": {
        "TYPEOFAREA": "TMAS",
        "NAMEOFAREA": "Östersund TMA b",
        "POSITIONINDICATOR": "ESNZ",
        "DATETIMEOFCHG": null,
        "NAMEOFOPERATOR": null,
        "ORIGIN": "AIP",
        "LOCATION": "Östersund TMA b",
        "UPPER": "FL 95",
        "LOWER": "3300",
        "WEF": "2025-02-20",
        "COMMENT_1": "C",
        "COMMENT_2": null,
        "QUALITY": "ROUTINE",
        "CRC_ID": null,
        "CRC_POS": null,
        "CRC_TOT": null,
        "MSID": 7876,
        "IDNR": 21324,
        "MI_STYLE": null
      }
    },
    {
      "type": "Feature",
      "id": "TMAS.21325",
      "geometry": {
        "type": "Polygon",
        "coordinates": [
          [
            [13.84916667, 63.59777778],
            [14.48833333, 63.48472222],
            [14.01388889, 63.33277778],
            [13.89333333, 63.23027778],
            [13.53, 63.32583333],
            [13.84916667, 63.59777778]
          ]
        ]
      },
      "geometry_name": "GEOMETRY",
      "properties": {
        "TYPEOFAREA": "TMAS",
        "NAMEOFAREA": "Östersund TMA c",
        "POSITIONINDICATOR": "ESNZ",
        "DATETIMEOFCHG": null,
        "NAMEOFOPERATOR": null,
        "ORIGIN": "AIP",
        "LOCATION": "Östersund TMA c",
        "UPPER": "FL 95",
        "LOWER": "3300",
        "WEF": "2025-02-20",
        "COMMENT_1": "C",
        "COMMENT_2": null,
        "QUALITY": "ROUTINE",
        "CRC_ID": null,
        "CRC_POS": null,
        "CRC_TOT": null,
        "MSID": 7877,
        "IDNR": 21325,
        "MI_STYLE": null
      }
    },
    {
      "type": "Feature",
      "id": "TMAS.21306",
      "geometry": {
        "type": "Polygon",
        "coordinates": [
          [
            [13.12944444, 57.05416667],
            [13.15222222, 56.67027778],
            [12.55388889, 56.61777778],
            [12.54694444, 56.65111111],
            [12.64861111, 56.945],
            [13.12944444, 57.05416667]
          ]
        ]
      },
      "geometry_name": "GEOMETRY",
      "properties": {
        "TYPEOFAREA": "TMAS",
        "NAMEOFAREA": "Halmstad TMA a",
        "POSITIONINDICATOR": "ESMT",
        "DATETIMEOFCHG": null,
        "NAMEOFOPERATOR": null,
        "ORIGIN": "AIP",
        "LOCATION": "Halmstad TMA a",
        "UPPER": "FL 95",
        "LOWER": "2000",
        "WEF": "2025-02-20",
        "COMMENT_1": "C",
        "COMMENT_2": null,
        "QUALITY": "ROUTINE",
        "CRC_ID": null,
        "CRC_POS": null,
        "CRC_TOT": null,
        "MSID": 5514,
        "IDNR": 21306,
        "MI_STYLE": null
      }
    },
    {
      "type": "Feature",
      "id": "TMAS.21307",
      "geometry": {
        "type": "Polygon",
        "coordinates": [
          [
            [13.43222222, 57.12166667],
            [13.51333333, 57.0075],
            [13.24722222, 56.75972222],
            [13.15222222, 56.67027778],
            [13.12944444, 57.05416667],
            [13.43222222, 57.12166667]
          ]
        ]
      },
      "geometry_name": "GEOMETRY",
      "properties": {
        "TYPEOFAREA": "TMAS",
        "NAMEOFAREA": "Halmstad TMA b",
        "POSITIONINDICATOR": "ESMT",
        "DATETIMEOFCHG": null,
        "NAMEOFOPERATOR": null,
        "ORIGIN": "AIP",
        "LOCATION": "Halmstad TMA b",
        "UPPER": "FL 95",
        "LOWER": "4500",
        "WEF": "2025-02-20",
        "COMMENT_1": "C",
        "COMMENT_2": null,
        "QUALITY": "ROUTINE",
        "CRC_ID": null,
        "CRC_POS": null,
        "CRC_TOT": null,
        "MSID": 5515,
        "IDNR": 21307,
        "MI_STYLE": null
      }
    },
    {
      "type": "Feature",
      "id": "TMAS.21308",
      "geometry": {
        "type": "Polygon",
        "coordinates": [
          [
            [13.15222222, 56.67027778],
            [13.07055556, 56.58888889],
            [12.74805556, 56.53916667],
            [12.56833333, 56.55083333],
            [12.55388889, 56.61777778],
            [13.15222222, 56.67027778]
          ]
        ]
      },
      "geometry_name": "GEOMETRY",
      "properties": {
        "TYPEOFAREA": "TMAS",
        "NAMEOFAREA": "Halmstad TMA c",
        "POSITIONINDICATOR": "ESMT",
        "DATETIMEOFCHG": null,
        "NAMEOFOPERATOR": null,
        "ORIGIN": "AIP",
        "LOCATION": "Halmstad TMA c",
        "UPPER": "FL 95",
        "LOWER": "1500",
        "WEF": "2025-02-20",
        "COMMENT_1": "C",
        "COMMENT_2": null,
        "QUALITY": "ROUTINE",
        "CRC_ID": null,
        "CRC_POS": null,
        "CRC_TOT": null,
        "MSID": 5516,
        "IDNR": 21308,
        "MI_STYLE": null
      }
    },
    {
      "type": "Feature",
      "id": "TMAS.21309",
      "geometry": {
        "type": "Polygon",
        "coordinates": [
          [
            [13.41222222, 56.32222222],
            [13.72416667, 56.01],
            [13.04611111, 56.06027778],
            [13.175, 56.12277778],
            [13.41222222, 56.32222222]
          ]
        ]
      },
      "geometry_name": "GEOMETRY",
      "properties": {
        "TYPEOFAREA": "TMAS",
        "NAMEOFAREA": "Ljungbyhed TMA a",
        "POSITIONINDICATOR": "ESTL",
        "DATETIMEOFCHG": null,
        "NAMEOFOPERATOR": null,
        "ORIGIN": "AIP",
        "LOCATION": "Ljungbyhed TMA a",
        "UPPER": "FL 65",
        "LOWER": "1500",
        "WEF": "2025-02-20",
        "COMMENT_1": "C",
        "COMMENT_2": null,
        "QUALITY": "ROUTINE",
        "CRC_ID": null,
        "CRC_POS": null,
        "CRC_TOT": null,
        "MSID": 5523,
        "IDNR": 21309,
        "MI_STYLE": null
      }
    },
    {
      "type": "Feature",
      "id": "TMAS.21310",
      "geometry": {
        "type": "Polygon",
        "coordinates": [
          [
            [12.80777778, 56.19666667],
            [12.9825, 56.08722222],
            [13.04611111, 56.06027778],
            [12.86555556, 55.97611111],
            [12.80777778, 56.19666667]
          ]
        ]
      },
      "geometry_name": "GEOMETRY",
      "properties": {
        "TYPEOFAREA": "TMAS",
        "NAMEOFAREA": "Ljungbyhed TMA b",
        "POSITIONINDICATOR": "ESTL",
        "DATETIMEOFCHG": null,
        "NAMEOFOPERATOR": null,
        "ORIGIN": "AIP",
        "LOCATION": "Ljungbyhed TMA b",
        "UPPER": "FL 65",
        "LOWER": "1500",
        "WEF": "2025-02-20",
        "COMMENT_1": "C",
        "COMMENT_2": null,
        "QUALITY": "ROUTINE",
        "CRC_ID": null,
        "CRC_POS": null,
        "CRC_TOT": null,
        "MSID": 5524,
        "IDNR": 21310,
        "MI_STYLE": null
      }
    },
    {
      "type": "Feature",
      "id": "TMAS.21311",
      "geometry": {
        "type": "Polygon",
        "coordinates": [
          [
            [13.04611111, 56.06027778],
            [13.72416667, 56.01],
            [13.52083333, 55.91444444],
            [13.46388889, 55.925],
            [13.10722222, 55.93555556],
            [12.86555556, 55.97611111],
            [13.04611111, 56.06027778]
          ]
        ]
      },
      "geometry_name": "GEOMETRY",
      "properties": {
        "TYPEOFAREA": "TMAS",
        "NAMEOFAREA": "Ljungbyhed TMA c",
        "POSITIONINDICATOR": "ESTL",
        "DATETIMEOFCHG": null,
        "NAMEOFOPERATOR": null,
        "ORIGIN": "AIP",
        "LOCATION": "Ljungbyhed TMA c",
        "UPPER": "4500",
        "LOWER": "1500",
        "WEF": "2025-02-20",
        "COMMENT_1": "C",
        "COMMENT_2": null,
        "QUALITY": "ROUTINE",
        "CRC_ID": null,
        "CRC_POS": null,
        "CRC_TOT": null,
        "MSID": 5525,
        "IDNR": 21311,
        "MI_STYLE": null
      }
    },
    {
      "type": "Feature",
      "id": "TMAS.21312",
      "geometry": {
        "type": "Polygon",
        "coordinates": [
          [
            [13.61, 55.82694444],
            [13.64722222, 55.58333333],
            [13.78888889, 55.43888889],
            [13.78888889, 55.12083333],
            [12.99944444, 55.09444444],
            [12.99888889, 55.24944444],
            [13.11555556, 55.73277778],
            [13.11, 55.81583333],
            [13.61, 55.82694444]
          ]
        ]
      },
      "geometry_name": "GEOMETRY",
      "properties": {
        "TYPEOFAREA": "TMAS",
        "NAMEOFAREA": "Malmö TMA a",
        "POSITIONINDICATOR": "ESMS",
        "DATETIMEOFCHG": null,
        "NAMEOFOPERATOR": null,
        "ORIGIN": "AIP",
        "LOCATION": "Malmö TMA a",
        "UPPER": "FL 65",
        "LOWER": "1500",
        "WEF": "2025-02-20",
        "COMMENT_1": "C",
        "COMMENT_2": null,
        "QUALITY": "ROUTINE",
        "CRC_ID": null,
        "CRC_POS": null,
        "CRC_TOT": null,
        "MSID": 5526,
        "IDNR": 21312,
        "MI_STYLE": null
      }
    },
    {
      "type": "Feature",
      "id": "TMAS.21313",
      "geometry": {
        "type": "Polygon",
        "coordinates": [
          [
            [13.04611111, 56.06027778],
            [13.72416667, 56.01],
            [13.86444444, 56],
            [13.83388889, 55.85638889],
            [13.52083333, 55.91444444],
            [13.46388889, 55.925],
            [13.10722222, 55.93555556],
            [12.86555556, 55.97611111],
            [13.04611111, 56.06027778]
          ]
        ]
      },
      "geometry_name": "GEOMETRY",
      "properties": {
        "TYPEOFAREA": "TMAS",
        "NAMEOFAREA": "Malmö TMA b",
        "POSITIONINDICATOR": "ESMS",
        "DATETIMEOFCHG": null,
        "NAMEOFOPERATOR": null,
        "ORIGIN": "AIP",
        "LOCATION": "Malmö TMA b",
        "UPPER": "FL 65",
        "LOWER": "4500",
        "WEF": "2025-02-20",
        "COMMENT_1": "C",
        "COMMENT_2": null,
        "QUALITY": "ROUTINE",
        "CRC_ID": null,
        "CRC_POS": null,
        "CRC_TOT": null,
        "MSID": 5527,
        "IDNR": 21313,
        "MI_STYLE": null
      }
    },
    {
      "type": "Feature",
      "id": "TMAS.21314",
      "geometry": {
        "type": "Polygon",
        "coordinates": [
          [
            [12.86555556, 55.97611111],
            [13.10722222, 55.93555556],
            [13.46388889, 55.925],
            [13.52083333, 55.91444444],
            [13.83388889, 55.85638889],
            [13.80166667, 55.70444444],
            [13.78888889, 55.43888889],
            [13.64722222, 55.58333333],
            [13.61, 55.82694444],
            [13.11, 55.81583333],
            [13.11555556, 55.73277778],
            [12.86555556, 55.97611111]
          ]
        ]
      },
      "geometry_name": "GEOMETRY",
      "properties": {
        "TYPEOFAREA": "TMAS",
        "NAMEOFAREA": "Malmö TMA c",
        "POSITIONINDICATOR": "ESMS",
        "DATETIMEOFCHG": null,
        "NAMEOFOPERATOR": null,
        "ORIGIN": "AIP",
        "LOCATION": "Malmö TMA c",
        "UPPER": "FL 65",
        "LOWER": "2500",
        "WEF": "2025-02-20",
        "COMMENT_1": "C",
        "COMMENT_2": null,
        "QUALITY": "ROUTINE",
        "CRC_ID": null,
        "CRC_POS": null,
        "CRC_TOT": null,
        "MSID": 5528,
        "IDNR": 21314,
        "MI_STYLE": null
      }
    },
    {
      "type": "Feature",
      "id": "TMAS.21315",
      "geometry": {
        "type": "Polygon",
        "coordinates": [
          [
            [19.33361111, 63.8725],
            [20.42333333, 63.37888889],
            [20.09444444, 63.20444444],
            [19.71777778, 63.39888889],
            [19.04805556, 63.73555556],
            [19.33361111, 63.8725]
          ]
        ]
      },
      "geometry_name": "GEOMETRY",
      "properties": {
        "TYPEOFAREA": "TMAS",
        "NAMEOFAREA": "Umeå TMA c",
        "POSITIONINDICATOR": "ESNU",
        "DATETIMEOFCHG": null,
        "NAMEOFOPERATOR": null,
        "ORIGIN": "AIP",
        "LOCATION": "Umeå TMA c",
        "UPPER": "FL 95",
        "LOWER": "4500",
        "WEF": "2025-02-20",
        "COMMENT_1": "C",
        "COMMENT_2": null,
        "QUALITY": "ROUTINE",
        "CRC_ID": null,
        "CRC_POS": null,
        "CRC_TOT": null,
        "MSID": 4237,
        "IDNR": 21315,
        "MI_STYLE": null
      }
    },
    {
      "type": "Feature",
      "id": "TMAS.21316",
      "geometry": {
        "type": "Polygon",
        "coordinates": [
          [
            [18.21305556, 60.29944444],
            [17.51944444, 59.76444444],
            [17.09666667, 59.69944444],
            [16.89111111, 59.93888889],
            [17.59666667, 60.23277778],
            [18.21305556, 60.29944444]
          ]
        ]
      },
      "geometry_name": "GEOMETRY",
      "properties": {
        "TYPEOFAREA": "TMAS",
        "NAMEOFAREA": "Sector Uppsala",
        "POSITIONINDICATOR": "ESSA",
        "DATETIMEOFCHG": null,
        "NAMEOFOPERATOR": null,
        "ORIGIN": "AIP",
        "LOCATION": "Sector Uppsala",
        "UPPER": "4500",
        "LOWER": "1200",
        "WEF": "2025-02-20",
        "COMMENT_1": "C",
        "COMMENT_2": null,
        "QUALITY": "ROUTINE",
        "CRC_ID": null,
        "CRC_POS": null,
        "CRC_TOT": null,
        "MSID": 4238,
        "IDNR": 21316,
        "MI_STYLE": null
      }
    },
    {
      "type": "Feature",
      "id": "TMAS.21317",
      "geometry": {
        "type": "Polygon",
        "coordinates": [
          [
            [16.89111111, 59.93888889],
            [17.09666667, 59.69944444],
            [16.78944444, 59.16194444],
            [16.66138889, 59.15916667],
            [16.31833333, 59.32388889],
            [16.44666667, 59.74944444],
            [16.89111111, 59.93888889]
          ]
        ]
      },
      "geometry_name": "GEOMETRY",
      "properties": {
        "TYPEOFAREA": "TMAS",
        "NAMEOFAREA": "Sector Västerås",
        "POSITIONINDICATOR": "ESSA",
        "DATETIMEOFCHG": null,
        "NAMEOFOPERATOR": null,
        "ORIGIN": "AIP",
        "LOCATION": "Sector Västerås",
        "UPPER": "4500",
        "LOWER": "1500",
        "WEF": "2025-02-20",
        "COMMENT_1": "C",
        "COMMENT_2": null,
        "QUALITY": "ROUTINE",
        "CRC_ID": null,
        "CRC_POS": null,
        "CRC_TOT": null,
        "MSID": 4239,
        "IDNR": 21317,
        "MI_STYLE": null
      }
    },
    {
      "type": "Feature",
      "id": "TMAS.21318",
      "geometry": {
        "type": "Polygon",
        "coordinates": [
          [
            [18.67527778, 58.07833333],
            [18.91277778, 57.70694444],
            [18.56055556, 57.33194444],
            [17.83805556, 57.45805556],
            [17.81472222, 57.91388889],
            [18.67527778, 58.07833333]
          ]
        ]
      },
      "geometry_name": "GEOMETRY",
      "properties": {
        "TYPEOFAREA": "TMAS",
        "NAMEOFAREA": "Visby TMA a",
        "POSITIONINDICATOR": "ESSV",
        "DATETIMEOFCHG": null,
        "NAMEOFOPERATOR": null,
        "ORIGIN": "AIP",
        "LOCATION": "Visby TMA a",
        "UPPER": "FL 95",
        "LOWER": "1100",
        "WEF": "2025-02-20",
        "COMMENT_1": "C",
        "COMMENT_2": null,
        "QUALITY": "ROUTINE",
        "CRC_ID": null,
        "CRC_POS": null,
        "CRC_TOT": null,
        "MSID": 4240,
        "IDNR": 21318,
        "MI_STYLE": null
      }
    },
    {
      "type": "Feature",
      "id": "TMAS.21319",
      "geometry": {
        "type": "Polygon",
        "coordinates": [
          [
            [13.78888889, 55.43888889],
            [14.30777778, 55.29055556],
            [14.16666667, 55.17583333],
            [14.16666667, 54.91666667],
            [13, 54.91666667],
            [12.99944444, 55.09444444],
            [13.78888889, 55.12083333],
            [13.78888889, 55.43888889]
          ]
        ]
      },
      "geometry_name": "GEOMETRY",
      "properties": {
        "TYPEOFAREA": "TMAS",
        "NAMEOFAREA": "Malmö TMA d",
        "POSITIONINDICATOR": "ESMS",
        "DATETIMEOFCHG": null,
        "NAMEOFOPERATOR": null,
        "ORIGIN": "AIP",
        "LOCATION": "Malmö TMA d",
        "UPPER": "FL 65",
        "LOWER": "3500",
        "WEF": "2025-02-20",
        "COMMENT_1": "C",
        "COMMENT_2": null,
        "QUALITY": "ROUTINE",
        "CRC_ID": null,
        "CRC_POS": null,
        "CRC_TOT": null,
        "MSID": 5529,
        "IDNR": 21319,
        "MI_STYLE": null
      }
    },
    {
      "type": "Feature",
      "id": "TMAS.21320",
      "geometry": {
        "type": "Polygon",
        "coordinates": [
          [
            [13.91222222, 56.22111111],
            [14.39694444, 56.21527778],
            [14.29472222, 55.6775],
            [13.91222222, 56.22111111]
          ]
        ]
      },
      "geometry_name": "GEOMETRY",
      "properties": {
        "TYPEOFAREA": "TMAS",
        "NAMEOFAREA": "Kristianstad TMA a",
        "POSITIONINDICATOR": "ESMK",
        "DATETIMEOFCHG": null,
        "NAMEOFOPERATOR": null,
        "ORIGIN": "AIP",
        "LOCATION": "Kristianstad TMA a",
        "UPPER": "FL 95",
        "LOWER": "1700",
        "WEF": "2025-02-20",
        "COMMENT_1": "C",
        "COMMENT_2": null,
        "QUALITY": "ROUTINE",
        "CRC_ID": null,
        "CRC_POS": null,
        "CRC_TOT": null,
        "MSID": 5532,
        "IDNR": 21320,
        "MI_STYLE": null
      }
    },
    {
      "type": "Feature",
      "id": "TMAS.21326",
      "geometry": {
        "type": "Polygon",
        "coordinates": [
          [
            [13.53, 63.32583333],
            [13.89333333, 63.23027778],
            [14.03277778, 63.15194444],
            [14.0325, 62.97861111],
            [13.34722222, 63.16722222],
            [13.53, 63.32583333]
          ]
        ]
      },
      "geometry_name": "GEOMETRY",
      "properties": {
        "TYPEOFAREA": "TMAS",
        "NAMEOFAREA": "Östersund TMA d",
        "POSITIONINDICATOR": "ESNZ",
        "DATETIMEOFCHG": null,
        "NAMEOFOPERATOR": null,
        "ORIGIN": "AIP",
        "LOCATION": "Östersund TMA d",
        "UPPER": "FL 95",
        "LOWER": "5000",
        "WEF": "2025-02-20",
        "COMMENT_1": "C",
        "COMMENT_2": null,
        "QUALITY": "ROUTINE",
        "CRC_ID": null,
        "CRC_POS": null,
        "CRC_TOT": null,
        "MSID": 7878,
        "IDNR": 21326,
        "MI_STYLE": null
      }
    },
    {
      "type": "Feature",
      "id": "TMAS.21327",
      "geometry": {
        "type": "Polygon",
        "coordinates": [
          [
            [12.44277778, 56.38666667],
            [13.41222222, 56.32222222],
            [12.80777778, 56.19666667],
            [12.44277778, 56.38666667]
          ]
        ]
      },
      "geometry_name": "GEOMETRY",
      "properties": {
        "TYPEOFAREA": "TMAS",
        "NAMEOFAREA": "Ängelholm TMA b",
        "POSITIONINDICATOR": "ESTA",
        "DATETIMEOFCHG": null,
        "NAMEOFOPERATOR": null,
        "ORIGIN": "AIP",
        "LOCATION": "Ängelholm TMA b",
        "UPPER": "FL 65",
        "LOWER": "1500",
        "WEF": "2025-02-20",
        "COMMENT_1": "C",
        "COMMENT_2": null,
        "QUALITY": "ROUTINE",
        "CRC_ID": null,
        "CRC_POS": null,
        "CRC_TOT": null,
        "MSID": 7952,
        "IDNR": 21327,
        "MI_STYLE": null
      }
    },
    {
      "type": "Feature",
      "id": "TMAS.21328",
      "geometry": {
        "type": "Polygon",
        "coordinates": [
          [
            [13.24722222, 56.75972222],
            [13.44277778, 56.67916667],
            [13.41222222, 56.32222222],
            [13.07055556, 56.58888889],
            [13.15222222, 56.67027778],
            [13.24722222, 56.75972222]
          ]
        ]
      },
      "geometry_name": "GEOMETRY",
      "properties": {
        "TYPEOFAREA": "TMAS",
        "NAMEOFAREA": "Ängelholm TMA c",
        "POSITIONINDICATOR": "ESTA",
        "DATETIMEOFCHG": null,
        "NAMEOFOPERATOR": null,
        "ORIGIN": "AIP",
        "LOCATION": "Ängelholm TMA c",
        "UPPER": "FL 95",
        "LOWER": "4500",
        "WEF": "2025-02-20",
        "COMMENT_1": "C",
        "COMMENT_2": null,
        "QUALITY": "ROUTINE",
        "CRC_ID": null,
        "CRC_POS": null,
        "CRC_TOT": null,
        "MSID": 7954,
        "IDNR": 21328,
        "MI_STYLE": null
      }
    },
    {
      "type": "Feature",
      "id": "TMAS.21329",
      "geometry": {
        "type": "Polygon",
        "coordinates": [
          [
            [12.44277778, 56.38666667],
            [13.41222222, 56.32222222],
            [13.91222222, 56.22111111],
            [14.29472222, 55.6775],
            [14.30777778, 55.29055556],
            [14.16666667, 55.17583333],
            [14.16666667, 54.91666667],
            [13, 54.91666667],
            [12.99888889, 55.24944444],
            [13.11555556, 55.73277778],
            [12.86555556, 55.97611111],
            [12.73222222, 55.99944444],
            [12.67944444, 56.03277778],
            [12.65694444, 56.03277778],
            [12.655, 56.040556],
            [12.6525, 56.045833],
            [12.646389, 56.053333],
            [12.643889, 56.056111],
            [12.640278, 56.058333],
            [12.630145, 56.063234],
            [12.615, 56.072222],
            [12.594722, 56.085],
            [12.583611, 56.091667],
            [12.559167, 56.105],
            [12.551667, 56.108611],
            [12.535556, 56.116667],
            [12.496111, 56.133611],
            [12.479722, 56.142222],
            [12.47, 56.146389],
            [12.451944, 56.158333],
            [12.445278, 56.163056],
            [12.442283, 56.164901],
            [12.44277778, 56.38666667]
          ]
        ]
      },
      "geometry_name": "GEOMETRY",
      "properties": {
        "TYPEOFAREA": "TMAS",
        "NAMEOFAREA": "Malmö TMA e",
        "POSITIONINDICATOR": "ESMS",
        "DATETIMEOFCHG": null,
        "NAMEOFOPERATOR": null,
        "ORIGIN": "AIP",
        "LOCATION": "Malmö TMA e",
        "UPPER": "FL 95",
        "LOWER": "FL 65",
        "WEF": "2025-02-20",
        "COMMENT_1": "C",
        "COMMENT_2": null,
        "QUALITY": "ROUTINE",
        "CRC_ID": null,
        "CRC_POS": null,
        "CRC_TOT": null,
        "MSID": 8010,
        "IDNR": 21329,
        "MI_STYLE": null
      }
    },
    {
      "type": "Feature",
      "id": "TMAS.21330",
      "geometry": {
        "type": "Polygon",
        "coordinates": [
          [
            [13.80166667, 55.70444444],
            [14.01861111, 55.62611111],
            [14.29472222, 55.6775],
            [14.30777778, 55.29055556],
            [13.78888889, 55.43888889],
            [13.80166667, 55.70444444]
          ]
        ]
      },
      "geometry_name": "GEOMETRY",
      "properties": {
        "TYPEOFAREA": "TMAS",
        "NAMEOFAREA": "Malmö TMA f",
        "POSITIONINDICATOR": "ESMS",
        "DATETIMEOFCHG": null,
        "NAMEOFOPERATOR": null,
        "ORIGIN": "AIP",
        "LOCATION": "Malmö TMA f",
        "UPPER": "FL 65",
        "LOWER": "4500",
        "WEF": "2025-02-20",
        "COMMENT_1": "C",
        "COMMENT_2": null,
        "QUALITY": "ROUTINE",
        "CRC_ID": null,
        "CRC_POS": null,
        "CRC_TOT": null,
        "MSID": 92155,
        "IDNR": 21330,
        "MI_STYLE": null
      }
    },
    {
      "type": "Feature",
      "id": "TMAS.21331",
      "geometry": {
        "type": "Polygon",
        "coordinates": [
          [
            [12.81388889, 61.47805556],
            [13.35138889, 61.30805556],
            [13.46, 61.22888889],
            [13.51722222, 61.00777778],
            [12.67416667, 60.73694444],
            [12.58083333, 61.04777778],
            [12.6125, 61.04694444],
            [12.6575, 61.05277778],
            [12.67, 61.05611111],
            [12.67111111, 61.05638889],
            [12.6825, 61.06111111],
            [12.70694444, 61.14333333],
            [12.79027778, 61.19694444],
            [12.79777778, 61.20777778],
            [12.83388889, 61.25833333],
            [12.87083333, 61.35638889],
            [12.71222222, 61.47027778],
            [12.81388889, 61.47805556]
          ]
        ]
      },
      "geometry_name": "GEOMETRY",
      "properties": {
        "TYPEOFAREA": "TMAS",
        "NAMEOFAREA": "Sälen TMA a",
        "POSITIONINDICATOR": "ESKS",
        "DATETIMEOFCHG": null,
        "NAMEOFOPERATOR": null,
        "ORIGIN": "AIP",
        "LOCATION": "Sälen TMA a",
        "UPPER": "FL 95",
        "LOWER": "4200",
        "WEF": "2025-02-20",
        "COMMENT_1": "C",
        "COMMENT_2": null,
        "QUALITY": "ROUTINE",
        "CRC_ID": null,
        "CRC_POS": null,
        "CRC_TOT": null,
        "MSID": 109923,
        "IDNR": 21331,
        "MI_STYLE": null
      }
    },
    {
      "type": "Feature",
      "id": "TMAS.21332",
      "geometry": {
        "type": "Polygon",
        "coordinates": [
          [
            [12.71222222, 61.47027778],
            [12.87083333, 61.35638889],
            [12.83388889, 61.25833333],
            [12.79777778, 61.20777778],
            [12.79027778, 61.19694444],
            [12.70694444, 61.14333333],
            [12.6825, 61.06111111],
            [12.67111111, 61.05638889],
            [12.67, 61.05611111],
            [12.6575, 61.05277778],
            [12.6125, 61.04694444],
            [12.58083333, 61.04777778],
            [12.23944444, 61.28916667],
            [12.33388889, 61.37166667],
            [12.61638889, 61.46305556],
            [12.71222222, 61.47027778]
          ]
        ]
      },
      "geometry_name": "GEOMETRY",
      "properties": {
        "TYPEOFAREA": "TMAS",
        "NAMEOFAREA": "Sälen TMA b",
        "POSITIONINDICATOR": "ESKS",
        "DATETIMEOFCHG": null,
        "NAMEOFOPERATOR": null,
        "ORIGIN": "AIP",
        "LOCATION": "Sälen TMA b",
        "UPPER": "FL 95",
        "LOWER": "4200",
        "WEF": "2025-02-20",
        "COMMENT_1": "C",
        "COMMENT_2": null,
        "QUALITY": "ROUTINE",
        "CRC_ID": null,
        "CRC_POS": null,
        "CRC_TOT": null,
        "MSID": 109925,
        "IDNR": 21332,
        "MI_STYLE": null
      }
    },
    {
      "type": "Feature",
      "id": "TMAS.21333",
      "geometry": {
        "type": "Polygon",
        "coordinates": [
          [
            [13.51722222, 61.00777778],
            [13.59194444, 60.71888889],
            [13.13333333, 60.57111111],
            [12.67416667, 60.73694444],
            [13.51722222, 61.00777778]
          ]
        ]
      },
      "geometry_name": "GEOMETRY",
      "properties": {
        "TYPEOFAREA": "TMAS",
        "NAMEOFAREA": "Sälen TMA c",
        "POSITIONINDICATOR": "ESKS",
        "DATETIMEOFCHG": null,
        "NAMEOFOPERATOR": null,
        "ORIGIN": "AIP",
        "LOCATION": "Sälen TMA c",
        "UPPER": "FL 95",
        "LOWER": "4500",
        "WEF": "2025-02-20",
        "COMMENT_1": "C",
        "COMMENT_2": null,
        "QUALITY": "ROUTINE",
        "CRC_ID": null,
        "CRC_POS": null,
        "CRC_TOT": null,
        "MSID": 109927,
        "IDNR": 21333,
        "MI_STYLE": null
      }
    },
    {
      "type": "Feature",
      "id": "TMAS.21234",
      "geometry": {
        "type": "Polygon",
        "coordinates": [
          [
            [14.0325, 62.97861111],
            [15.05194444, 62.6875],
            [14.27805556, 62.71583333],
            [14.0325, 62.97861111]
          ]
        ]
      },
      "geometry_name": "GEOMETRY",
      "properties": {
        "TYPEOFAREA": "TMAS",
        "NAMEOFAREA": "Östersund TMA e",
        "POSITIONINDICATOR": "ESNZ",
        "DATETIMEOFCHG": null,
        "NAMEOFOPERATOR": null,
        "ORIGIN": "AIP",
        "LOCATION": "Östersund TMA e",
        "UPPER": "FL 95",
        "LOWER": "FL 65",
        "WEF": "2025-02-20",
        "COMMENT_1": "C",
        "COMMENT_2": null,
        "QUALITY": "ROUTINE",
        "CRC_ID": null,
        "CRC_POS": null,
        "CRC_TOT": null,
        "MSID": 173366,
        "IDNR": 21234,
        "MI_STYLE": null
      }
    },
    {
      "type": "Feature",
      "id": "TMAS.21235",
      "geometry": {
        "type": "Polygon",
        "coordinates": [
          [
            [19.88611111, 66.17444444],
            [21.24555556, 65.89861111],
            [20.57916667, 65.86527778],
            [20.4125, 65.74861111],
            [20.76888889, 65.49638889],
            [19.35527778, 65.79833333],
            [19.57916667, 65.91527778],
            [19.7125, 66.03194444],
            [19.88611111, 66.17444444]
          ]
        ]
      },
      "geometry_name": "GEOMETRY",
      "properties": {
        "TYPEOFAREA": "TMAS",
        "NAMEOFAREA": "Vidsel TMA a",
        "POSITIONINDICATOR": "ESPE",
        "DATETIMEOFCHG": null,
        "NAMEOFOPERATOR": null,
        "ORIGIN": "AIP",
        "LOCATION": "Vidsel TMA a",
        "UPPER": "FL 95",
        "LOWER": "3000",
        "WEF": "2025-02-20",
        "COMMENT_1": "C",
        "COMMENT_2": null,
        "QUALITY": "ROUTINE",
        "CRC_ID": null,
        "CRC_POS": null,
        "CRC_TOT": null,
        "MSID": 177454,
        "IDNR": 21235,
        "MI_STYLE": null
      }
    },
    {
      "type": "Feature",
      "id": "TMAS.21236",
      "geometry": {
        "type": "Polygon",
        "coordinates": [
          [
            [18.68111111, 63.66861111],
            [19.17194444, 63.5425],
            [18.72777778, 63.21805556],
            [18.25472222, 63.34694444],
            [18.68111111, 63.66861111]
          ]
        ]
      },
      "geometry_name": "GEOMETRY",
      "properties": {
        "TYPEOFAREA": "TMAS",
        "NAMEOFAREA": "Örnsköldsvik TMA a",
        "POSITIONINDICATOR": "ESNO",
        "DATETIMEOFCHG": null,
        "NAMEOFOPERATOR": null,
        "ORIGIN": "AIP",
        "LOCATION": "Örnsköldsvik TMA a",
        "UPPER": "FL 95",
        "LOWER": "2400",
        "WEF": "2025-02-20",
        "COMMENT_1": "C",
        "COMMENT_2": null,
        "QUALITY": "ROUTINE",
        "CRC_ID": null,
        "CRC_POS": null,
        "CRC_TOT": null,
        "MSID": 9539,
        "IDNR": 21236,
        "MI_STYLE": null
      }
    },
    {
      "type": "Feature",
      "id": "TMAS.21237",
      "geometry": {
        "type": "Polygon",
        "coordinates": [
          [
            [19.17194444, 63.5425],
            [19.71777778, 63.39888889],
            [19.26083333, 63.06972222],
            [18.72777778, 63.21805556],
            [19.17194444, 63.5425]
          ]
        ]
      },
      "geometry_name": "GEOMETRY",
      "properties": {
        "TYPEOFAREA": "TMAS",
        "NAMEOFAREA": "Örnsköldsvik TMA b",
        "POSITIONINDICATOR": "ESNO",
        "DATETIMEOFCHG": null,
        "NAMEOFOPERATOR": null,
        "ORIGIN": "AIP",
        "LOCATION": "Örnsköldsvik TMA b",
        "UPPER": "FL 95",
        "LOWER": "1700",
        "WEF": "2025-02-20",
        "COMMENT_1": "C",
        "COMMENT_2": null,
        "QUALITY": "ROUTINE",
        "CRC_ID": null,
        "CRC_POS": null,
        "CRC_TOT": null,
        "MSID": 9540,
        "IDNR": 21237,
        "MI_STYLE": null
      }
    },
    {
      "type": "Feature",
      "id": "TMAS.21238",
      "geometry": {
        "type": "Polygon",
        "coordinates": [
          [
            [19.04805556, 63.73555556],
            [19.71777778, 63.39888889],
            [19.17194444, 63.5425],
            [18.68111111, 63.66861111],
            [19.04805556, 63.73555556]
          ]
        ]
      },
      "geometry_name": "GEOMETRY",
      "properties": {
        "TYPEOFAREA": "TMAS",
        "NAMEOFAREA": "Örnsköldsvik TMA c",
        "POSITIONINDICATOR": "ESNO",
        "DATETIMEOFCHG": null,
        "NAMEOFOPERATOR": null,
        "ORIGIN": "AIP",
        "LOCATION": "Örnsköldsvik TMA c",
        "UPPER": "FL 95",
        "LOWER": "4500",
        "WEF": "2025-02-20",
        "COMMENT_1": "C",
        "COMMENT_2": null,
        "QUALITY": "ROUTINE",
        "CRC_ID": null,
        "CRC_POS": null,
        "CRC_TOT": null,
        "MSID": 9541,
        "IDNR": 21238,
        "MI_STYLE": null
      }
    },
    {
      "type": "Feature",
      "id": "TMAS.21239",
      "geometry": {
        "type": "Polygon",
        "coordinates": [
          [
            [18.25472222, 63.34694444],
            [18.72777778, 63.21805556],
            [19.26083333, 63.06972222],
            [18.99305556, 62.83777778],
            [18.65638889, 62.845],
            [18.25472222, 63.34694444]
          ]
        ]
      },
      "geometry_name": "GEOMETRY",
      "properties": {
        "TYPEOFAREA": "TMAS",
        "NAMEOFAREA": "Örnsköldsvik TMA d",
        "POSITIONINDICATOR": "ESNO",
        "DATETIMEOFCHG": null,
        "NAMEOFOPERATOR": null,
        "ORIGIN": "AIP",
        "LOCATION": "Örnsköldsvik TMA d",
        "UPPER": "FL 95",
        "LOWER": "4500",
        "WEF": "2025-02-20",
        "COMMENT_1": "C",
        "COMMENT_2": null,
        "QUALITY": "ROUTINE",
        "CRC_ID": null,
        "CRC_POS": null,
        "CRC_TOT": null,
        "MSID": 9542,
        "IDNR": 21239,
        "MI_STYLE": null
      }
    },
    {
      "type": "Feature",
      "id": "TMAS.21240",
      "geometry": {
        "type": "Polygon",
        "coordinates": [
          [
            [20.94805556, 65.08166667],
            [21.86611111, 64.87416667],
            [21.79583333, 64.83666667],
            [21.79055556, 64.70916667],
            [20.63944444, 64.84611111],
            [20.94805556, 65.08166667]
          ]
        ]
      },
      "geometry_name": "GEOMETRY",
      "properties": {
        "TYPEOFAREA": "TMAS",
        "NAMEOFAREA": "Skellefteå TMA c",
        "POSITIONINDICATOR": "ESNS",
        "DATETIMEOFCHG": null,
        "NAMEOFOPERATOR": null,
        "ORIGIN": "AIP",
        "LOCATION": "Skellefteå TMA c",
        "UPPER": "FL 95",
        "LOWER": "4500",
        "WEF": "2025-02-20",
        "COMMENT_1": "C",
        "COMMENT_2": null,
        "QUALITY": "ROUTINE",
        "CRC_ID": null,
        "CRC_POS": null,
        "CRC_TOT": null,
        "MSID": 14737,
        "IDNR": 21240,
        "MI_STYLE": null
      }
    },
    {
      "type": "Feature",
      "id": "TMAS.21241",
      "geometry": {
        "type": "Polygon",
        "coordinates": [
          [
            [21.24555556, 65.89861111],
            [20.76888889, 65.49638889],
            [20.4125, 65.74861111],
            [20.57916667, 65.86527778],
            [21.24555556, 65.89861111]
          ]
        ]
      },
      "geometry_name": "GEOMETRY",
      "properties": {
        "TYPEOFAREA": "TMAS",
        "NAMEOFAREA": "Vidsel TMA b",
        "POSITIONINDICATOR": "ESPE",
        "DATETIMEOFCHG": null,
        "NAMEOFOPERATOR": null,
        "ORIGIN": "AIP",
        "LOCATION": "Vidsel TMA b",
        "UPPER": "FL 95",
        "LOWER": "2400",
        "WEF": "2025-02-20",
        "COMMENT_1": "C",
        "COMMENT_2": null,
        "QUALITY": "ROUTINE",
        "CRC_ID": null,
        "CRC_POS": null,
        "CRC_TOT": null,
        "MSID": 177455,
        "IDNR": 21241,
        "MI_STYLE": null
      }
    },
    {
      "type": "Feature",
      "id": "TMAS.21242",
      "geometry": {
        "type": "Polygon",
        "coordinates": [
          [
            [19.6875, 66.21527778],
            [19.88611111, 66.17444444],
            [19.7125, 66.03194444],
            [19.57916667, 65.91527778],
            [19.35527778, 65.79833333],
            [19.19611111, 65.83194444],
            [19.6875, 66.21527778]
          ]
        ]
      },
      "geometry_name": "GEOMETRY",
      "properties": {
        "TYPEOFAREA": "TMAS",
        "NAMEOFAREA": "Vidsel TMA c",
        "POSITIONINDICATOR": "ESPE",
        "DATETIMEOFCHG": null,
        "NAMEOFOPERATOR": null,
        "ORIGIN": "AIP",
        "LOCATION": "Vidsel TMA c",
        "UPPER": "FL 95",
        "LOWER": "3200",
        "WEF": "2025-02-20",
        "COMMENT_1": "C",
        "COMMENT_2": null,
        "QUALITY": "ROUTINE",
        "CRC_ID": null,
        "CRC_POS": null,
        "CRC_TOT": null,
        "MSID": 177456,
        "IDNR": 21242,
        "MI_STYLE": null
      }
    },
    {
      "type": "Feature",
      "id": "TMAS.21243",
      "geometry": {
        "type": "Polygon",
        "coordinates": [
          [
            [14.79666667, 58.82833333],
            [14.92055556, 58.77416667],
            [14.54611111, 58.72138889],
            [14.79666667, 58.82833333]
          ]
        ]
      },
      "geometry_name": "GEOMETRY",
      "properties": {
        "TYPEOFAREA": "TMAS",
        "NAMEOFAREA": "Sector Tiveden",
        "POSITIONINDICATOR": "ESOE",
        "DATETIMEOFCHG": null,
        "NAMEOFOPERATOR": null,
        "ORIGIN": "AIP",
        "LOCATION": "Sector Tiveden",
        "UPPER": "FL 95",
        "LOWER": "4500",
        "WEF": "2025-02-20",
        "COMMENT_1": "C",
        "COMMENT_2": null,
        "QUALITY": "ROUTINE",
        "CRC_ID": null,
        "CRC_POS": null,
        "CRC_TOT": null,
        "MSID": 214639,
        "IDNR": 21243,
        "MI_STYLE": null
      }
    },
    {
      "type": "Feature",
      "id": "TMAS.21244",
      "geometry": {
        "type": "Polygon",
        "coordinates": [
          [
            [18.56083333, 58.25416667],
            [18.67527778, 58.07833333],
            [17.81472222, 57.91388889],
            [17.83861111, 58.17555556],
            [18.56083333, 58.25416667]
          ]
        ]
      },
      "geometry_name": "GEOMETRY",
      "properties": {
        "TYPEOFAREA": "TMAS",
        "NAMEOFAREA": "Visby TMA b",
        "POSITIONINDICATOR": "ESSV",
        "DATETIMEOFCHG": null,
        "NAMEOFOPERATOR": null,
        "ORIGIN": "AIP",
        "LOCATION": "Visby TMA b",
        "UPPER": "FL 95",
        "LOWER": "4500",
        "WEF": "2025-02-20",
        "COMMENT_1": "C",
        "COMMENT_2": null,
        "QUALITY": "ROUTINE",
        "CRC_ID": null,
        "CRC_POS": null,
        "CRC_TOT": null,
        "MSID": 5362,
        "IDNR": 21244,
        "MI_STYLE": null
      }
    },
    {
      "type": "Feature",
      "id": "TMAS.21245",
      "geometry": {
        "type": "Polygon",
        "coordinates": [
          [
            [15.40361111, 59.54111111],
            [15.98527778, 59.50666667],
            [15.99416667, 59.30166667],
            [15.5275, 59.18916667],
            [15.40361111, 59.54111111]
          ]
        ]
      },
      "geometry_name": "GEOMETRY",
      "properties": {
        "TYPEOFAREA": "TMAS",
        "NAMEOFAREA": "Örebro TMA b",
        "POSITIONINDICATOR": "ESOE",
        "DATETIMEOFCHG": null,
        "NAMEOFOPERATOR": null,
        "ORIGIN": "AIP",
        "LOCATION": "Örebro TMA b",
        "UPPER": "FL 95",
        "LOWER": "4500",
        "WEF": "2025-02-20",
        "COMMENT_1": "C",
        "COMMENT_2": null,
        "QUALITY": "ROUTINE",
        "CRC_ID": null,
        "CRC_POS": null,
        "CRC_TOT": null,
        "MSID": 5364,
        "IDNR": 21245,
        "MI_STYLE": null
      }
    },
    {
      "type": "Feature",
      "id": "TMAS.21246",
      "geometry": {
        "type": "Polygon",
        "coordinates": [
          [
            [12.4975, 58.76611111],
            [13.16388889, 58.73277778],
            [13.32444444, 58.51694444],
            [13.32444444, 58.29527778],
            [13.27694444, 58.09694444],
            [13.12916667, 58.10027778],
            [12.785, 58.10805556],
            [12.35388889, 58.11638889],
            [12.08861111, 58.25305556],
            [11.9975, 58.29972222],
            [11.9975, 58.46527778],
            [12.29555556, 58.64555556],
            [12.4975, 58.76611111]
          ]
        ]
      },
      "geometry_name": "GEOMETRY",
      "properties": {
        "TYPEOFAREA": "TMAS",
        "NAMEOFAREA": "Part of GÖTEBORG TMA",
        "POSITIONINDICATOR": "ESGG",
        "DATETIMEOFCHG": null,
        "NAMEOFOPERATOR": null,
        "ORIGIN": "AIP",
        "LOCATION": "Part of GÖTEBORG TMA",
        "UPPER": "FL 95",
        "LOWER": "4500",
        "WEF": "2025-02-20",
        "COMMENT_1": "C",
        "COMMENT_2": null,
        "QUALITY": "ROUTINE",
        "CRC_ID": null,
        "CRC_POS": null,
        "CRC_TOT": null,
        "MSID": 5366,
        "IDNR": 21246,
        "MI_STYLE": null
      }
    },
    {
      "type": "Feature",
      "id": "TMAS.21247",
      "geometry": {
        "type": "Polygon",
        "coordinates": [
          [
            [12.4975, 58.76611111],
            [13.16388889, 58.73277778],
            [13.32444444, 58.51694444],
            [13.32444444, 58.29527778],
            [13.27694444, 58.09694444],
            [13.12916667, 58.10027778],
            [12.29555556, 58.64555556],
            [12.4975, 58.76611111]
          ]
        ]
      },
      "geometry_name": "GEOMETRY",
      "properties": {
        "TYPEOFAREA": "TMAS",
        "NAMEOFAREA": "Sector Såtenäs",
        "POSITIONINDICATOR": "ESGG",
        "DATETIMEOFCHG": null,
        "NAMEOFOPERATOR": null,
        "ORIGIN": "AIP",
        "LOCATION": "Sector Såtenäs",
        "UPPER": "4500",
        "LOWER": "1500",
        "WEF": "2025-02-20",
        "COMMENT_1": "C",
        "COMMENT_2": "Reduced radio coverage below sector Såtenäs. 124.680 \n to be used in uncontrolled airspace.",
        "QUALITY": "ROUTINE",
        "CRC_ID": null,
        "CRC_POS": null,
        "CRC_TOT": null,
        "MSID": 5367,
        "IDNR": 21247,
        "MI_STYLE": null
      }
    },
    {
      "type": "Feature",
      "id": "TMAS.21248",
      "geometry": {
        "type": "Polygon",
        "coordinates": [
          [
            [12.4975, 58.76611111],
            [13.16388889, 58.73277778],
            [13.32444444, 58.51694444],
            [13.32444444, 58.29527778],
            [13.27694444, 58.09694444],
            [13.19916667, 57.76722222],
            [12.69583333, 57.2275],
            [11.76611111, 56.98555556],
            [11.58277778, 57.21361111],
            [11.14055556, 57.75138889],
            [11.45027778, 58.12777778],
            [11.9975, 58.46527778],
            [12.29555556, 58.64555556],
            [12.4975, 58.76611111]
          ]
        ]
      },
      "geometry_name": "GEOMETRY",
      "properties": {
        "TYPEOFAREA": "TMAS",
        "NAMEOFAREA": "Göteborg TMA",
        "POSITIONINDICATOR": "ESGG",
        "DATETIMEOFCHG": null,
        "NAMEOFOPERATOR": null,
        "ORIGIN": "AIP",
        "LOCATION": "Göteborg TMA",
        "UPPER": "FL 95",
        "LOWER": "4500",
        "WEF": "2025-02-20",
        "COMMENT_1": "C",
        "COMMENT_2": null,
        "QUALITY": "ROUTINE",
        "CRC_ID": null,
        "CRC_POS": null,
        "CRC_TOT": null,
        "MSID": 5368,
        "IDNR": 21248,
        "MI_STYLE": null
      }
    },
    {
      "type": "Feature",
      "id": "TMAS.21249",
      "geometry": {
        "type": "Polygon",
        "coordinates": [
          [
            [16.70777778, 59.01194444],
            [17.22333333, 58.97861111],
            [17.40777778, 58.96611111],
            [17.45694444, 58.61638889],
            [17.215, 58.36638889],
            [17.04777778, 58.26166667],
            [16.43222222, 58.12444444],
            [16.07694444, 57.86944444],
            [15.7775, 57.94194444],
            [14.85972222, 58.13611111],
            [14.88861111, 58.24138889],
            [15.04027778, 58.4275],
            [15.24416667, 58.67444444],
            [15.89777778, 58.79972222],
            [16.20111111, 58.85638889],
            [16.67166667, 58.9425],
            [16.70777778, 59.01194444]
          ]
        ]
      },
      "geometry_name": "GEOMETRY",
      "properties": {
        "TYPEOFAREA": "TMAS",
        "NAMEOFAREA": "ÖSTGÖTA TMA",
        "POSITIONINDICATOR": "ESSP",
        "DATETIMEOFCHG": null,
        "NAMEOFOPERATOR": null,
        "ORIGIN": "AIP",
        "LOCATION": "ÖSTGÖTA TMA",
        "UPPER": "FL 95",
        "LOWER": "4500",
        "WEF": "2025-02-20",
        "COMMENT_1": "C",
        "COMMENT_2": null,
        "QUALITY": "ROUTINE",
        "CRC_ID": null,
        "CRC_POS": null,
        "CRC_TOT": null,
        "MSID": 5369,
        "IDNR": 21249,
        "MI_STYLE": null
      }
    },
    {
      "type": "Feature",
      "id": "TMAS.21250",
      "geometry": {
        "type": "Polygon",
        "coordinates": [
          [
            [16.70777778, 59.01194444],
            [17.22333333, 58.97861111],
            [17.40777778, 58.96611111],
            [17.45694444, 58.61638889],
            [16.62527778, 58.32055556],
            [16.24472222, 58.18305556],
            [15.7775, 57.94194444],
            [14.85972222, 58.13611111],
            [14.88861111, 58.24138889],
            [15.04027778, 58.4275],
            [15.24416667, 58.67444444],
            [15.89777778, 58.79972222],
            [16.20111111, 58.85638889],
            [16.67166667, 58.9425],
            [16.70777778, 59.01194444]
          ]
        ]
      },
      "geometry_name": "GEOMETRY",
      "properties": {
        "TYPEOFAREA": "TMAS",
        "NAMEOFAREA": "Östgöta TMA a",
        "POSITIONINDICATOR": "ESSP",
        "DATETIMEOFCHG": null,
        "NAMEOFOPERATOR": null,
        "ORIGIN": "AIP",
        "LOCATION": "Östgöta TMA a",
        "UPPER": "FL 95",
        "LOWER": "1600",
        "WEF": "2025-02-20",
        "COMMENT_1": "C",
        "COMMENT_2": null,
        "QUALITY": "ROUTINE",
        "CRC_ID": null,
        "CRC_POS": null,
        "CRC_TOT": null,
        "MSID": 5370,
        "IDNR": 21250,
        "MI_STYLE": null
      }
    },
    {
      "type": "Feature",
      "id": "TMAS.21251",
      "geometry": {
        "type": "Polygon",
        "coordinates": [
          [
            [17.45694444, 58.61638889],
            [17.215, 58.36638889],
            [17.04777778, 58.26166667],
            [16.43222222, 58.12444444],
            [16.07694444, 57.86944444],
            [15.7775, 57.94194444],
            [16.24472222, 58.18305556],
            [16.62527778, 58.32055556],
            [17.45694444, 58.61638889]
          ]
        ]
      },
      "geometry_name": "GEOMETRY",
      "properties": {
        "TYPEOFAREA": "TMAS",
        "NAMEOFAREA": "Östgöta TMA b",
        "POSITIONINDICATOR": "ESSP",
        "DATETIMEOFCHG": null,
        "NAMEOFOPERATOR": null,
        "ORIGIN": "AIP",
        "LOCATION": "Östgöta TMA b",
        "UPPER": "FL 95",
        "LOWER": "4500",
        "WEF": "2025-02-20",
        "COMMENT_1": "C",
        "COMMENT_2": null,
        "QUALITY": "ROUTINE",
        "CRC_ID": null,
        "CRC_POS": null,
        "CRC_TOT": null,
        "MSID": 5371,
        "IDNR": 21251,
        "MI_STYLE": null
      }
    },
    {
      "type": "Feature",
      "id": "TMAS.21252",
      "geometry": {
        "type": "Polygon",
        "coordinates": [
          [
            [18.85638889, 65.87888889],
            [19.45527778, 65.68527778],
            [19.05222222, 65.47166667],
            [18.45277778, 65.66444444],
            [18.85638889, 65.87888889]
          ]
        ]
      },
      "geometry_name": "GEOMETRY",
      "properties": {
        "TYPEOFAREA": "TMAS",
        "NAMEOFAREA": "Arvidsjaur TMA a",
        "POSITIONINDICATOR": "ESNX",
        "DATETIMEOFCHG": null,
        "NAMEOFOPERATOR": null,
        "ORIGIN": "AIP",
        "LOCATION": "Arvidsjaur TMA a",
        "UPPER": "FL 95",
        "LOWER": "3200",
        "WEF": "2025-02-20",
        "COMMENT_1": "C",
        "COMMENT_2": null,
        "QUALITY": "ROUTINE",
        "CRC_ID": null,
        "CRC_POS": null,
        "CRC_TOT": null,
        "MSID": 4172,
        "IDNR": 21252,
        "MI_STYLE": null
      }
    },
    {
      "type": "Feature",
      "id": "TMAS.21253",
      "geometry": {
        "type": "Polygon",
        "coordinates": [
          [
            [19.45527778, 65.68527778],
            [20.06638889, 65.48277778],
            [19.72111111, 65.25055556],
            [19.05222222, 65.47166667],
            [19.45527778, 65.68527778]
          ]
        ]
      },
      "geometry_name": "GEOMETRY",
      "properties": {
        "TYPEOFAREA": "TMAS",
        "NAMEOFAREA": "Arvidsjaur TMA b",
        "POSITIONINDICATOR": "ESNX",
        "DATETIMEOFCHG": null,
        "NAMEOFOPERATOR": null,
        "ORIGIN": "AIP",
        "LOCATION": "Arvidsjaur TMA b",
        "UPPER": "FL 95",
        "LOWER": "2700",
        "WEF": "2025-02-20",
        "COMMENT_1": "C",
        "COMMENT_2": null,
        "QUALITY": "ROUTINE",
        "CRC_ID": null,
        "CRC_POS": null,
        "CRC_TOT": null,
        "MSID": 4173,
        "IDNR": 21253,
        "MI_STYLE": null
      }
    },
    {
      "type": "Feature",
      "id": "TMAS.21233",
      "geometry": {
        "type": "Polygon",
        "coordinates": [
          [
            [18.45277778, 65.66444444],
            [19.05222222, 65.47166667],
            [19.72111111, 65.25055556],
            [19.43416667, 65.04944444],
            [18.48527778, 65.36083333],
            [18.45277778, 65.66444444]
          ]
        ]
      },
      "geometry_name": "GEOMETRY",
      "properties": {
        "TYPEOFAREA": "TMAS",
        "NAMEOFAREA": "Arvidsjaur TMA c",
        "POSITIONINDICATOR": "ESNX",
        "DATETIMEOFCHG": null,
        "NAMEOFOPERATOR": null,
        "ORIGIN": "AIP",
        "LOCATION": "Arvidsjaur TMA c",
        "UPPER": "FL 95",
        "LOWER": "4500",
        "WEF": "2025-02-20",
        "COMMENT_1": "C",
        "COMMENT_2": null,
        "QUALITY": "ROUTINE",
        "CRC_ID": null,
        "CRC_POS": null,
        "CRC_TOT": null,
        "MSID": 12302,
        "IDNR": 21233,
        "MI_STYLE": null
      }
    },
    {
      "type": "Feature",
      "id": "TMAS.21254",
      "geometry": {
        "type": "Polygon",
        "coordinates": [
          [
            [15.14333333, 60.68361111],
            [15.46694444, 60.67777778],
            [15.81305556, 60.545],
            [16.20694444, 60.31611111],
            [15.88166667, 60.125],
            [15.12972222, 60.22027778],
            [15.00527778, 60.51333333],
            [15.00083333, 60.61194444],
            [15.14333333, 60.68361111]
          ]
        ]
      },
      "geometry_name": "GEOMETRY",
      "properties": {
        "TYPEOFAREA": "TMAS",
        "NAMEOFAREA": "Borlänge TMA a",
        "POSITIONINDICATOR": "ESSD",
        "DATETIMEOFCHG": null,
        "NAMEOFOPERATOR": null,
        "ORIGIN": "AIP",
        "LOCATION": "Borlänge TMA a",
        "UPPER": "FL 95",
        "LOWER": "2500",
        "WEF": "2025-02-20",
        "COMMENT_1": "C",
        "COMMENT_2": null,
        "QUALITY": "ROUTINE",
        "CRC_ID": null,
        "CRC_POS": null,
        "CRC_TOT": null,
        "MSID": 4174,
        "IDNR": 21254,
        "MI_STYLE": null
      }
    },
    {
      "type": "Feature",
      "id": "TMAS.21255",
      "geometry": {
        "type": "Polygon",
        "coordinates": [
          [
            [15.12972222, 60.22027778],
            [15.88166667, 60.125],
            [15.16027778, 59.88555556],
            [15.0425, 59.94416667],
            [15.12972222, 60.22027778]
          ]
        ]
      },
      "geometry_name": "GEOMETRY",
      "properties": {
        "TYPEOFAREA": "TMAS",
        "NAMEOFAREA": "Borlänge TMA b",
        "POSITIONINDICATOR": "ESSD",
        "DATETIMEOFCHG": null,
        "NAMEOFOPERATOR": null,
        "ORIGIN": "AIP",
        "LOCATION": "Borlänge TMA b",
        "UPPER": "FL 95",
        "LOWER": "4500",
        "WEF": "2025-02-20",
        "COMMENT_1": "C",
        "COMMENT_2": null,
        "QUALITY": "ROUTINE",
        "CRC_ID": null,
        "CRC_POS": null,
        "CRC_TOT": null,
        "MSID": 4175,
        "IDNR": 21255,
        "MI_STYLE": null
      }
    },
    {
      "type": "Feature",
      "id": "TMAS.21256",
      "geometry": {
        "type": "Polygon",
        "coordinates": [
          [
            [12.08861111, 58.25305556],
            [12.35388889, 58.11638889],
            [12.785, 58.10805556],
            [12.76388889, 57.45277778],
            [12.54416667, 57.33583333],
            [11.58277778, 57.21361111],
            [11.14055556, 57.75138889],
            [11.45027778, 58.12777778],
            [12.08861111, 58.25305556]
          ]
        ]
      },
      "geometry_name": "GEOMETRY",
      "properties": {
        "TYPEOFAREA": "TMAS",
        "NAMEOFAREA": "Göteborg TMA a",
        "POSITIONINDICATOR": "ESGG",
        "DATETIMEOFCHG": null,
        "NAMEOFOPERATOR": null,
        "ORIGIN": "AIP",
        "LOCATION": "Göteborg TMA a",
        "UPPER": "4500",
        "LOWER": "2500",
        "WEF": "2025-02-20",
        "COMMENT_1": "C",
        "COMMENT_2": null,
        "QUALITY": "ROUTINE",
        "CRC_ID": null,
        "CRC_POS": null,
        "CRC_TOT": null,
        "MSID": 4180,
        "IDNR": 21256,
        "MI_STYLE": null
      }
    },
    {
      "type": "Feature",
      "id": "TMAS.21257",
      "geometry": {
        "type": "Polygon",
        "coordinates": [
          [
            [11.785, 58.07055556],
            [12.61138889, 57.84833333],
            [12.51972222, 57.69694444],
            [12.4975, 57.47472222],
            [12.08083333, 57.44972222],
            [11.65666667, 57.52027778],
            [11.5225, 57.77472222],
            [11.56416667, 57.93305556],
            [11.785, 58.07055556]
          ]
        ]
      },
      "geometry_name": "GEOMETRY",
      "properties": {
        "TYPEOFAREA": "TMAS",
        "NAMEOFAREA": "Göteborg TMA b",
        "POSITIONINDICATOR": "ESGG",
        "DATETIMEOFCHG": null,
        "NAMEOFOPERATOR": null,
        "ORIGIN": "AIP",
        "LOCATION": "Göteborg TMA b",
        "UPPER": "2500",
        "LOWER": "1500",
        "WEF": "2025-02-20",
        "COMMENT_1": "C",
        "COMMENT_2": null,
        "QUALITY": "ROUTINE",
        "CRC_ID": null,
        "CRC_POS": null,
        "CRC_TOT": null,
        "MSID": 4181,
        "IDNR": 21257,
        "MI_STYLE": null
      }
    },
    {
      "type": "Feature",
      "id": "TMAS.21258",
      "geometry": {
        "type": "Polygon",
        "coordinates": [
          [
            [14.32166667, 58.06416667],
            [14.45305556, 57.88694444],
            [14.47805556, 57.66305556],
            [14.42027778, 57.65027778],
            [14.10527778, 57.43083333],
            [13.60722222, 57.53666667],
            [13.96777778, 58.03388889],
            [14.32166667, 58.06416667]
          ]
        ]
      },
      "geometry_name": "GEOMETRY",
      "properties": {
        "TYPEOFAREA": "TMAS",
        "NAMEOFAREA": "Jönköping TMA a",
        "POSITIONINDICATOR": "ESGJ",
        "DATETIMEOFCHG": null,
        "NAMEOFOPERATOR": null,
        "ORIGIN": "AIP",
        "LOCATION": "Jönköping TMA a",
        "UPPER": "FL 95",
        "LOWER": "2200",
        "WEF": "2025-02-20",
        "COMMENT_1": "C",
        "COMMENT_2": null,
        "QUALITY": "ROUTINE",
        "CRC_ID": null,
        "CRC_POS": null,
        "CRC_TOT": null,
        "MSID": 4182,
        "IDNR": 21258,
        "MI_STYLE": null
      }
    },
    {
      "type": "Feature",
      "id": "TMAS.21259",
      "geometry": {
        "type": "Polygon",
        "coordinates": [
          [
            [14.84805556, 58.10777778],
            [14.93777778, 57.96805556],
            [14.70944444, 57.71416667],
            [14.47805556, 57.66305556],
            [14.45305556, 57.88694444],
            [14.32166667, 58.06416667],
            [14.84805556, 58.10777778]
          ]
        ]
      },
      "geometry_name": "GEOMETRY",
      "properties": {
        "TYPEOFAREA": "TMAS",
        "NAMEOFAREA": "Jönköping TMA b",
        "POSITIONINDICATOR": "ESGJ",
        "DATETIMEOFCHG": null,
        "NAMEOFOPERATOR": null,
        "ORIGIN": "AIP",
        "LOCATION": "Jönköping TMA b",
        "UPPER": "FL 95",
        "LOWER": "4500",
        "WEF": "2025-02-20",
        "COMMENT_1": "C",
        "COMMENT_2": null,
        "QUALITY": "ROUTINE",
        "CRC_ID": null,
        "CRC_POS": null,
        "CRC_TOT": null,
        "MSID": 4183,
        "IDNR": 21259,
        "MI_STYLE": null
      }
    },
    {
      "type": "Feature",
      "id": "TMAS.21260",
      "geometry": {
        "type": "Polygon",
        "coordinates": [
          [
            [13.60722222, 57.53666667],
            [14.10527778, 57.43083333],
            [14.05333333, 57.21194444],
            [13.80027778, 57.22111111],
            [13.60722222, 57.53666667]
          ]
        ]
      },
      "geometry_name": "GEOMETRY",
      "properties": {
        "TYPEOFAREA": "TMAS",
        "NAMEOFAREA": "Jönköping TMA c",
        "POSITIONINDICATOR": "ESGJ",
        "DATETIMEOFCHG": null,
        "NAMEOFOPERATOR": null,
        "ORIGIN": "AIP",
        "LOCATION": "Jönköping TMA c",
        "UPPER": "FL 95",
        "LOWER": "4500",
        "WEF": "2025-02-20",
        "COMMENT_1": "C",
        "COMMENT_2": null,
        "QUALITY": "ROUTINE",
        "CRC_ID": null,
        "CRC_POS": null,
        "CRC_TOT": null,
        "MSID": 4184,
        "IDNR": 21260,
        "MI_STYLE": null
      }
    },
    {
      "type": "Feature",
      "id": "TMAS.21261",
      "geometry": {
        "type": "Polygon",
        "coordinates": [
          [
            [15.9275, 56.97888889],
            [16.57055556, 56.96333333],
            [16.675, 56.70055556],
            [16.66361111, 56.49972222],
            [16.32555556, 56.40333333],
            [16.09138889, 56.38583333],
            [15.84166667, 56.65833333],
            [15.9275, 56.97888889]
          ]
        ]
      },
      "geometry_name": "GEOMETRY",
      "properties": {
        "TYPEOFAREA": "TMAS",
        "NAMEOFAREA": "Kalmar TMA a",
        "POSITIONINDICATOR": "ESMQ",
        "DATETIMEOFCHG": null,
        "NAMEOFOPERATOR": null,
        "ORIGIN": "AIP",
        "LOCATION": "Kalmar TMA a",
        "UPPER": "FL 95",
        "LOWER": "1500",
        "WEF": "2025-02-20",
        "COMMENT_1": "C",
        "COMMENT_2": null,
        "QUALITY": "ROUTINE",
        "CRC_ID": null,
        "CRC_POS": null,
        "CRC_TOT": null,
        "MSID": 4185,
        "IDNR": 21261,
        "MI_STYLE": null
      }
    },
    {
      "type": "Feature",
      "id": "TMAS.21262",
      "geometry": {
        "type": "Polygon",
        "coordinates": [
          [
            [16.19138889, 57.22333333],
            [16.46861111, 57.21611111],
            [16.57055556, 56.96333333],
            [15.9275, 56.97888889],
            [16.19138889, 57.22333333]
          ]
        ]
      },
      "geometry_name": "GEOMETRY",
      "properties": {
        "TYPEOFAREA": "TMAS",
        "NAMEOFAREA": "Kalmar TMA b",
        "POSITIONINDICATOR": "ESMQ",
        "DATETIMEOFCHG": null,
        "NAMEOFOPERATOR": null,
        "ORIGIN": "AIP",
        "LOCATION": "Kalmar TMA b",
        "UPPER": "FL 95",
        "LOWER": "4500",
        "WEF": "2025-02-20",
        "COMMENT_1": "C",
        "COMMENT_2": null,
        "QUALITY": "ROUTINE",
        "CRC_ID": null,
        "CRC_POS": null,
        "CRC_TOT": null,
        "MSID": 4186,
        "IDNR": 21262,
        "MI_STYLE": null
      }
    },
    {
      "type": "Feature",
      "id": "TMAS.21263",
      "geometry": {
        "type": "Polygon",
        "coordinates": [
          [
            [13.59361111, 59.77888889],
            [13.96388889, 59.42833333],
            [13.325, 59.11722222],
            [12.90916667, 59.22444444],
            [13.02361111, 59.52138889],
            [13.42555556, 59.77611111],
            [13.59361111, 59.77888889]
          ]
        ]
      },
      "geometry_name": "GEOMETRY",
      "properties": {
        "TYPEOFAREA": "TMAS",
        "NAMEOFAREA": "Karlstad TMA a",
        "POSITIONINDICATOR": "ESOK",
        "DATETIMEOFCHG": null,
        "NAMEOFOPERATOR": null,
        "ORIGIN": "AIP",
        "LOCATION": "Karlstad TMA a",
        "UPPER": "FL 95",
        "LOWER": "2000",
        "WEF": "2025-02-20",
        "COMMENT_1": "C",
        "COMMENT_2": null,
        "QUALITY": "ROUTINE",
        "CRC_ID": null,
        "CRC_POS": null,
        "CRC_TOT": null,
        "MSID": 4187,
        "IDNR": 21263,
        "MI_STYLE": null
      }
    },
    {
      "type": "Feature",
      "id": "TMAS.21264",
      "geometry": {
        "type": "Polygon",
        "coordinates": [
          [
            [14.20138889, 59.78666667],
            [14.29333333, 59.65416667],
            [13.96388889, 59.42833333],
            [13.59361111, 59.77888889],
            [14.20138889, 59.78666667]
          ]
        ]
      },
      "geometry_name": "GEOMETRY",
      "properties": {
        "TYPEOFAREA": "TMAS",
        "NAMEOFAREA": "Karlstad TMA b",
        "POSITIONINDICATOR": "ESOK",
        "DATETIMEOFCHG": null,
        "NAMEOFOPERATOR": null,
        "ORIGIN": "AIP",
        "LOCATION": "Karlstad TMA b",
        "UPPER": "FL 95",
        "LOWER": "4500",
        "WEF": "2025-02-20",
        "COMMENT_1": "C",
        "COMMENT_2": null,
        "QUALITY": "ROUTINE",
        "CRC_ID": null,
        "CRC_POS": null,
        "CRC_TOT": null,
        "MSID": 4188,
        "IDNR": 21264,
        "MI_STYLE": null
      }
    },
    {
      "type": "Feature",
      "id": "TMAS.21265",
      "geometry": {
        "type": "Polygon",
        "coordinates": [
          [
            [12.90916667, 59.22444444],
            [13.325, 59.11722222],
            [13.08472222, 58.90972222],
            [12.83055556, 58.93805556],
            [12.90916667, 59.22444444]
          ]
        ]
      },
      "geometry_name": "GEOMETRY",
      "properties": {
        "TYPEOFAREA": "TMAS",
        "NAMEOFAREA": "Karlstad TMA c",
        "POSITIONINDICATOR": "ESOK",
        "DATETIMEOFCHG": null,
        "NAMEOFOPERATOR": null,
        "ORIGIN": "AIP",
        "LOCATION": "Karlstad TMA c",
        "UPPER": "FL 95",
        "LOWER": "4500",
        "WEF": "2025-02-20",
        "COMMENT_1": "C",
        "COMMENT_2": null,
        "QUALITY": "ROUTINE",
        "CRC_ID": null,
        "CRC_POS": null,
        "CRC_TOT": null,
        "MSID": 4189,
        "IDNR": 21265,
        "MI_STYLE": null
      }
    },
    {
      "type": "Feature",
      "id": "TMAS.21266",
      "geometry": {
        "type": "Polygon",
        "coordinates": [
          [
            [20.39888889, 68.16194444],
            [20.81222222, 67.99],
            [20.91222222, 67.79027778],
            [20.91777778, 67.51527778],
            [19.91833333, 67.54],
            [19.82916667, 67.74861111],
            [20.03888889, 67.85694444],
            [20.07972222, 67.985],
            [20.39888889, 68.16194444]
          ]
        ]
      },
      "geometry_name": "GEOMETRY",
      "properties": {
        "TYPEOFAREA": "TMAS",
        "NAMEOFAREA": "Kiruna TMA a",
        "POSITIONINDICATOR": "ESNQ",
        "DATETIMEOFCHG": null,
        "NAMEOFOPERATOR": null,
        "ORIGIN": "AIP",
        "LOCATION": "Kiruna TMA a",
        "UPPER": "FL 95",
        "LOWER": "3100",
        "WEF": "2025-02-20",
        "COMMENT_1": "C",
        "COMMENT_2": null,
        "QUALITY": "ROUTINE",
        "CRC_ID": null,
        "CRC_POS": null,
        "CRC_TOT": null,
        "MSID": 4190,
        "IDNR": 21266,
        "MI_STYLE": null
      }
    },
    {
      "type": "Feature",
      "id": "TMAS.21267",
      "geometry": {
        "type": "Polygon",
        "coordinates": [
          [
            [19.27361111, 59.59944444],
            [18.96833333, 59.255],
            [18.75472222, 59.04194444],
            [18.53944444, 58.8325],
            [18.45722222, 58.7525],
            [17.93277778, 58.58305556],
            [17.45694444, 58.61638889],
            [17.77166667, 58.80277778],
            [17.97944444, 58.925],
            [18.17361111, 59.0375],
            [18.47972222, 59.21333333],
            [18.69, 59.40611111],
            [18.83611111, 59.53888889],
            [19.27361111, 59.59944444]
          ]
        ]
      },
      "geometry_name": "GEOMETRY",
      "properties": {
        "TYPEOFAREA": "TMAS",
        "NAMEOFAREA": "Stockholm TMA l",
        "POSITIONINDICATOR": "ESSA",
        "DATETIMEOFCHG": null,
        "NAMEOFOPERATOR": null,
        "ORIGIN": "AIP",
        "LOCATION": "Stockholm TMA l",
        "UPPER": "FL 95",
        "LOWER": "4500",
        "WEF": "2025-02-20",
        "COMMENT_1": "C",
        "COMMENT_2": null,
        "QUALITY": "ROUTINE",
        "CRC_ID": null,
        "CRC_POS": null,
        "CRC_TOT": null,
        "MSID": 10271,
        "IDNR": 21267,
        "MI_STYLE": null
      }
    },
    {
      "type": "Feature",
      "id": "TMAS.21268",
      "geometry": {
        "type": "Polygon",
        "coordinates": [
          [
            [19.91833333, 67.54],
            [20.91777778, 67.51527778],
            [20.91777778, 67.39861111],
            [20.49555556, 67.33194444],
            [19.99583333, 67.35694444],
            [19.91833333, 67.54]
          ]
        ]
      },
      "geometry_name": "GEOMETRY",
      "properties": {
        "TYPEOFAREA": "TMAS",
        "NAMEOFAREA": "Kiruna TMA b",
        "POSITIONINDICATOR": "ESNQ",
        "DATETIMEOFCHG": null,
        "NAMEOFOPERATOR": null,
        "ORIGIN": "AIP",
        "LOCATION": "Kiruna TMA b",
        "UPPER": "FL 95",
        "LOWER": "4500",
        "WEF": "2025-02-20",
        "COMMENT_1": "C",
        "COMMENT_2": null,
        "QUALITY": "ROUTINE",
        "CRC_ID": null,
        "CRC_POS": null,
        "CRC_TOT": null,
        "MSID": 4191,
        "IDNR": 21268,
        "MI_STYLE": null
      }
    },
    {
      "type": "Feature",
      "id": "TMAS.21269",
      "geometry": {
        "type": "Polygon",
        "coordinates": [
          [
            [14.62861111, 57.2275],
            [15.07416667, 57.16916667],
            [15.0025, 57.11777778],
            [14.79722222, 56.69055556],
            [14.53361111, 56.63416667],
            [14.40722222, 56.82138889],
            [14.42472222, 56.99972222],
            [14.62861111, 57.2275]
          ]
        ]
      },
      "geometry_name": "GEOMETRY",
      "properties": {
        "TYPEOFAREA": "TMAS",
        "NAMEOFAREA": "Kronoberg TMA a",
        "POSITIONINDICATOR": "ESMX",
        "DATETIMEOFCHG": null,
        "NAMEOFOPERATOR": null,
        "ORIGIN": "AIP",
        "LOCATION": "Kronoberg TMA a",
        "UPPER": "FL 95",
        "LOWER": "2000",
        "WEF": "2025-02-20",
        "COMMENT_1": "C",
        "COMMENT_2": null,
        "QUALITY": "ROUTINE",
        "CRC_ID": null,
        "CRC_POS": null,
        "CRC_TOT": null,
        "MSID": 4192,
        "IDNR": 21269,
        "MI_STYLE": null
      }
    },
    {
      "type": "Feature",
      "id": "TMAS.21270",
      "geometry": {
        "type": "Polygon",
        "coordinates": [
          [
            [14.85944444, 57.48166667],
            [15.10194444, 57.44833333],
            [15.16972222, 57.23777778],
            [15.07416667, 57.16916667],
            [14.62861111, 57.2275],
            [14.85944444, 57.48166667]
          ]
        ]
      },
      "geometry_name": "GEOMETRY",
      "properties": {
        "TYPEOFAREA": "TMAS",
        "NAMEOFAREA": "Kronoberg TMA b",
        "POSITIONINDICATOR": "ESMX",
        "DATETIMEOFCHG": null,
        "NAMEOFOPERATOR": null,
        "ORIGIN": "AIP",
        "LOCATION": "Kronoberg TMA b",
        "UPPER": "FL 95",
        "LOWER": "4500",
        "WEF": "2025-02-20",
        "COMMENT_1": "C",
        "COMMENT_2": null,
        "QUALITY": "ROUTINE",
        "CRC_ID": null,
        "CRC_POS": null,
        "CRC_TOT": null,
        "MSID": 4193,
        "IDNR": 21270,
        "MI_STYLE": null
      }
    },
    {
      "type": "Feature",
      "id": "TMAS.21271",
      "geometry": {
        "type": "Polygon",
        "coordinates": [
          [
            [14.42472222, 56.99972222],
            [14.40722222, 56.82138889],
            [14.53361111, 56.63416667],
            [14.35555556, 56.59555556],
            [14.16388889, 56.5075],
            [13.92527778, 56.61138889],
            [14.07722222, 56.87805556],
            [14.42472222, 56.99972222]
          ]
        ]
      },
      "geometry_name": "GEOMETRY",
      "properties": {
        "TYPEOFAREA": "TMAS",
        "NAMEOFAREA": "Kronoberg TMA c",
        "POSITIONINDICATOR": "ESMX",
        "DATETIMEOFCHG": null,
        "NAMEOFOPERATOR": null,
        "ORIGIN": "AIP",
        "LOCATION": "Kronoberg TMA c",
        "UPPER": "FL 95",
        "LOWER": "4500",
        "WEF": "2025-02-20",
        "COMMENT_1": "C",
        "COMMENT_2": null,
        "QUALITY": "ROUTINE",
        "CRC_ID": null,
        "CRC_POS": null,
        "CRC_TOT": null,
        "MSID": 4194,
        "IDNR": 21271,
        "MI_STYLE": null
      }
    },
    {
      "type": "Feature",
      "id": "TMAS.21272",
      "geometry": {
        "type": "Polygon",
        "coordinates": [
          [
            [22.45166667, 65.77666667],
            [23.02861111, 65.44055556],
            [22.56972222, 65.105],
            [22.37916667, 65.06972222],
            [21.67583333, 65.36444444],
            [21.96222222, 65.46888889],
            [22.315, 65.59555556],
            [22.45166667, 65.77666667]
          ]
        ]
      },
      "geometry_name": "GEOMETRY",
      "properties": {
        "TYPEOFAREA": "TMAS",
        "NAMEOFAREA": "Luleå TMA a",
        "POSITIONINDICATOR": "ESPA",
        "DATETIMEOFCHG": null,
        "NAMEOFOPERATOR": null,
        "ORIGIN": "AIP",
        "LOCATION": "Luleå TMA a",
        "UPPER": "FL 95",
        "LOWER": "1200",
        "WEF": "2025-02-20",
        "COMMENT_1": "C",
        "COMMENT_2": null,
        "QUALITY": "ROUTINE",
        "CRC_ID": null,
        "CRC_POS": null,
        "CRC_TOT": null,
        "MSID": 4195,
        "IDNR": 21272,
        "MI_STYLE": null
      }
    },
    {
      "type": "Feature",
      "id": "TMAS.21273",
      "geometry": {
        "type": "Polygon",
        "coordinates": [
          [
            [22.13166667, 65.95861111],
            [22.45166667, 65.77666667],
            [22.315, 65.59555556],
            [21.96222222, 65.46888889],
            [21.67583333, 65.36444444],
            [21.19861111, 65.55916667],
            [21.20472222, 65.60611111],
            [22.13166667, 65.95861111]
          ]
        ]
      },
      "geometry_name": "GEOMETRY",
      "properties": {
        "TYPEOFAREA": "TMAS",
        "NAMEOFAREA": "Luleå TMA b",
        "POSITIONINDICATOR": "ESPA",
        "DATETIMEOFCHG": null,
        "NAMEOFOPERATOR": null,
        "ORIGIN": "AIP",
        "LOCATION": "Luleå TMA b",
        "UPPER": "FL 95",
        "LOWER": "1600",
        "WEF": "2025-02-20",
        "COMMENT_1": "C",
        "COMMENT_2": null,
        "QUALITY": "ROUTINE",
        "CRC_ID": null,
        "CRC_POS": null,
        "CRC_TOT": null,
        "MSID": 4196,
        "IDNR": 21273,
        "MI_STYLE": null
      }
    },
    {
      "type": "Feature",
      "id": "TMAS.21274",
      "geometry": {
        "type": "Polygon",
        "coordinates": [
          [
            [22.04555556, 66.00694444],
            [22.13166667, 65.95861111],
            [21.20472222, 65.60611111],
            [21.24555556, 65.89861111],
            [21.49555556, 65.94861111],
            [22.04555556, 66.00694444]
          ]
        ]
      },
      "geometry_name": "GEOMETRY",
      "properties": {
        "TYPEOFAREA": "TMAS",
        "NAMEOFAREA": "Luleå TMA c",
        "POSITIONINDICATOR": "ESPA",
        "DATETIMEOFCHG": null,
        "NAMEOFOPERATOR": null,
        "ORIGIN": "AIP",
        "LOCATION": "Luleå TMA c",
        "UPPER": "FL 95",
        "LOWER": "2000",
        "WEF": "2025-02-20",
        "COMMENT_1": "C",
        "COMMENT_2": null,
        "QUALITY": "ROUTINE",
        "CRC_ID": null,
        "CRC_POS": null,
        "CRC_TOT": null,
        "MSID": 4197,
        "IDNR": 21274,
        "MI_STYLE": null
      }
    },
    {
      "type": "Feature",
      "id": "TMAS.21275",
      "geometry": {
        "type": "Polygon",
        "coordinates": [
          [
            [21.19861111, 65.55916667],
            [21.67583333, 65.36444444],
            [22.37916667, 65.06972222],
            [22.15527778, 65.02694444],
            [21.155, 65.23694444],
            [21.19861111, 65.55916667]
          ]
        ]
      },
      "geometry_name": "GEOMETRY",
      "properties": {
        "TYPEOFAREA": "TMAS",
        "NAMEOFAREA": "Luleå TMA d",
        "POSITIONINDICATOR": "ESPA",
        "DATETIMEOFCHG": null,
        "NAMEOFOPERATOR": null,
        "ORIGIN": "AIP",
        "LOCATION": "Luleå TMA d",
        "UPPER": "FL 95",
        "LOWER": "2000",
        "WEF": "2025-02-20",
        "COMMENT_1": "C",
        "COMMENT_2": null,
        "QUALITY": "ROUTINE",
        "CRC_ID": null,
        "CRC_POS": null,
        "CRC_TOT": null,
        "MSID": 4198,
        "IDNR": 21275,
        "MI_STYLE": null
      }
    },
    {
      "type": "Feature",
      "id": "TMAS.21276",
      "geometry": {
        "type": "Polygon",
        "coordinates": [
          [
            [21.155, 65.23694444],
            [22.15527778, 65.02694444],
            [21.86611111, 64.87416667],
            [20.94805556, 65.08166667],
            [21.155, 65.23694444]
          ]
        ]
      },
      "geometry_name": "GEOMETRY",
      "properties": {
        "TYPEOFAREA": "TMAS",
        "NAMEOFAREA": "Luleå TMA e",
        "POSITIONINDICATOR": "ESPA",
        "DATETIMEOFCHG": null,
        "NAMEOFOPERATOR": null,
        "ORIGIN": "AIP",
        "LOCATION": "Luleå TMA e",
        "UPPER": "FL 95",
        "LOWER": "4500",
        "WEF": "2025-02-20",
        "COMMENT_1": "C",
        "COMMENT_2": null,
        "QUALITY": "ROUTINE",
        "CRC_ID": null,
        "CRC_POS": null,
        "CRC_TOT": null,
        "MSID": 4199,
        "IDNR": 21276,
        "MI_STYLE": null
      }
    },
    {
      "type": "Feature",
      "id": "TMAS.21277",
      "geometry": {
        "type": "Polygon",
        "coordinates": [
          [
            [15.89777778, 58.79972222],
            [15.74027778, 58.52888889],
            [16.62527778, 58.32055556],
            [16.24472222, 58.18305556],
            [15.7775, 57.94194444],
            [14.85972222, 58.13611111],
            [14.88861111, 58.24138889],
            [15.04027778, 58.4275],
            [15.24416667, 58.67444444],
            [15.89777778, 58.79972222]
          ]
        ]
      },
      "geometry_name": "GEOMETRY",
      "properties": {
        "TYPEOFAREA": "TMAS",
        "NAMEOFAREA": "Sector Linköping",
        "POSITIONINDICATOR": "ESSP",
        "DATETIMEOFCHG": null,
        "NAMEOFOPERATOR": null,
        "ORIGIN": "AIP",
        "LOCATION": "Sector Linköping",
        "UPPER": "4500",
        "LOWER": "1600",
        "WEF": "2025-02-20",
        "COMMENT_1": "C",
        "COMMENT_2": null,
        "QUALITY": "ROUTINE",
        "CRC_ID": null,
        "CRC_POS": null,
        "CRC_TOT": null,
        "MSID": 4203,
        "IDNR": 21277,
        "MI_STYLE": null
      }
    },
    {
      "type": "Feature",
      "id": "TMAS.21278",
      "geometry": {
        "type": "Polygon",
        "coordinates": [
          [
            [16.20111111, 58.85638889],
            [16.34416667, 58.69083333],
            [16.85916667, 58.6775],
            [17.45694444, 58.61638889],
            [16.62527778, 58.32055556],
            [15.74027778, 58.52888889],
            [15.89777778, 58.79972222],
            [16.20111111, 58.85638889]
          ]
        ]
      },
      "geometry_name": "GEOMETRY",
      "properties": {
        "TYPEOFAREA": "TMAS",
        "NAMEOFAREA": "Sector Norrköping",
        "POSITIONINDICATOR": "ESSP",
        "DATETIMEOFCHG": null,
        "NAMEOFOPERATOR": null,
        "ORIGIN": "AIP",
        "LOCATION": "Sector Norrköping",
        "UPPER": "4500",
        "LOWER": "1600",
        "WEF": "2025-02-20",
        "COMMENT_1": "C",
        "COMMENT_2": "\n",
        "QUALITY": "ROUTINE",
        "CRC_ID": null,
        "CRC_POS": null,
        "CRC_TOT": null,
        "MSID": 4204,
        "IDNR": 21278,
        "MI_STYLE": null
      }
    },
    {
      "type": "Feature",
      "id": "TMAS.21279",
      "geometry": {
        "type": "Polygon",
        "coordinates": [
          [
            [16.70777778, 59.01194444],
            [17.22333333, 58.97861111],
            [17.40777778, 58.96611111],
            [17.45694444, 58.61638889],
            [16.85916667, 58.6775],
            [16.34416667, 58.69083333],
            [16.20111111, 58.85638889],
            [16.67166667, 58.9425],
            [16.70777778, 59.01194444]
          ]
        ]
      },
      "geometry_name": "GEOMETRY",
      "properties": {
        "TYPEOFAREA": "TMAS",
        "NAMEOFAREA": "Sector Nyköping",
        "POSITIONINDICATOR": "ESSP",
        "DATETIMEOFCHG": null,
        "NAMEOFOPERATOR": null,
        "ORIGIN": "AIP",
        "LOCATION": "Sector Nyköping",
        "UPPER": "4500",
        "LOWER": "1600",
        "WEF": "2025-02-20",
        "COMMENT_1": "C",
        "COMMENT_2": null,
        "QUALITY": "ROUTINE",
        "CRC_ID": null,
        "CRC_POS": null,
        "CRC_TOT": null,
        "MSID": 4205,
        "IDNR": 21279,
        "MI_STYLE": null
      }
    },
    {
      "type": "Feature",
      "id": "TMAS.21280",
      "geometry": {
        "type": "Polygon",
        "coordinates": [
          [
            [14.92583333, 59.5675],
            [15.40361111, 59.54111111],
            [15.5275, 59.18916667],
            [15.31222222, 58.93888889],
            [15.00638889, 58.81055556],
            [14.45444444, 59.08555556],
            [14.70277778, 59.17944444],
            [14.92583333, 59.5675]
          ]
        ]
      },
      "geometry_name": "GEOMETRY",
      "properties": {
        "TYPEOFAREA": "TMAS",
        "NAMEOFAREA": "Örebro TMA a",
        "POSITIONINDICATOR": "ESOE",
        "DATETIMEOFCHG": null,
        "NAMEOFOPERATOR": null,
        "ORIGIN": "AIP",
        "LOCATION": "Örebro TMA a",
        "UPPER": "FL 95",
        "LOWER": "2000",
        "WEF": "2025-02-20",
        "COMMENT_1": "C",
        "COMMENT_2": null,
        "QUALITY": "ROUTINE",
        "CRC_ID": null,
        "CRC_POS": null,
        "CRC_TOT": null,
        "MSID": 4206,
        "IDNR": 21280,
        "MI_STYLE": null
      }
    },
    {
      "type": "Feature",
      "id": "TMAS.21281",
      "geometry": {
        "type": "Polygon",
        "coordinates": [
          [
            [14.45444444, 59.08555556],
            [15.00638889, 58.81055556],
            [14.92055556, 58.77416667],
            [14.79666667, 58.82833333],
            [14.54611111, 58.72138889],
            [14.34777778, 58.80555556],
            [14.27055556, 59.01527778],
            [14.45444444, 59.08555556]
          ]
        ]
      },
      "geometry_name": "GEOMETRY",
      "properties": {
        "TYPEOFAREA": "TMAS",
        "NAMEOFAREA": "Örebro TMA c",
        "POSITIONINDICATOR": "ESOE",
        "DATETIMEOFCHG": null,
        "NAMEOFOPERATOR": null,
        "ORIGIN": "AIP",
        "LOCATION": "Örebro TMA c",
        "UPPER": "FL 95",
        "LOWER": "4500",
        "WEF": "2025-02-20",
        "COMMENT_1": "C",
        "COMMENT_2": null,
        "QUALITY": "ROUTINE",
        "CRC_ID": null,
        "CRC_POS": null,
        "CRC_TOT": null,
        "MSID": 4207,
        "IDNR": 21281,
        "MI_STYLE": null
      }
    },
    {
      "type": "Feature",
      "id": "TMAW.7481",
      "geometry": {
        "type": "Polygon",
        "coordinates": [
          [
            [19.04805556, 63.73555556],
            [19.71777778, 63.39888889],
            [19.26083333, 63.06972222],
            [18.99305556, 62.83777778],
            [18.65638889, 62.845],
            [18.25472222, 63.34694444],
            [18.68111111, 63.66861111],
            [19.04805556, 63.73555556]
          ]
        ]
      },
      "geometry_name": "GEOMETRY",
      "properties": {
        "TYPEOFAREA": "TMAW",
        "NAMEOFAREA": "ÖRNSKÖLDSVIK TMA",
        "POSITIONINDICATOR": "ESNO",
        "DATETIMEOFCHG": null,
        "NAMEOFOPERATOR": null,
        "ORIGIN": "AIP",
        "LOCATION": "ÖRNSKÖLDSVIK TMA",
        "UPPER": null,
        "LOWER": null,
        "WEF": "2025-02-20",
        "COMMENT_1": null,
        "COMMENT_2": null,
        "QUALITY": "ROUTINE",
        "CRC_ID": null,
        "CRC_POS": null,
        "CRC_TOT": null,
        "MSID": 9543,
        "IDNR": 7481,
        "MI_STYLE": null
      }
    },
    {
      "type": "Feature",
      "id": "TMAW.7482",
      "geometry": {
        "type": "Polygon",
        "coordinates": [
          [
            [18.85638889, 65.87888889],
            [19.45527778, 65.68527778],
            [20.06638889, 65.48277778],
            [19.72111111, 65.25055556],
            [19.43416667, 65.04944444],
            [18.48527778, 65.36083333],
            [18.45277778, 65.66444444],
            [18.85638889, 65.87888889]
          ]
        ]
      },
      "geometry_name": "GEOMETRY",
      "properties": {
        "TYPEOFAREA": "TMAW",
        "NAMEOFAREA": "ARVIDSJAUR TMA",
        "POSITIONINDICATOR": "ESNX",
        "DATETIMEOFCHG": null,
        "NAMEOFOPERATOR": null,
        "ORIGIN": "AIP",
        "LOCATION": "ARVIDSJAUR TMA",
        "UPPER": null,
        "LOWER": null,
        "WEF": "2025-02-20",
        "COMMENT_1": null,
        "COMMENT_2": null,
        "QUALITY": "ROUTINE",
        "CRC_ID": null,
        "CRC_POS": null,
        "CRC_TOT": null,
        "MSID": 3972,
        "IDNR": 7482,
        "MI_STYLE": null
      }
    },
    {
      "type": "Feature",
      "id": "TMAW.7483",
      "geometry": {
        "type": "Polygon",
        "coordinates": [
          [
            [15.14333333, 60.68361111],
            [15.46694444, 60.67777778],
            [15.81305556, 60.545],
            [16.20694444, 60.31611111],
            [15.88166667, 60.125],
            [15.16027778, 59.88555556],
            [15.0425, 59.94416667],
            [15.12972222, 60.22027778],
            [15.00527778, 60.51333333],
            [15.00083333, 60.61194444],
            [15.14333333, 60.68361111]
          ]
        ]
      },
      "geometry_name": "GEOMETRY",
      "properties": {
        "TYPEOFAREA": "TMAW",
        "NAMEOFAREA": "BORLÄNGE TMA",
        "POSITIONINDICATOR": "ESSD",
        "DATETIMEOFCHG": null,
        "NAMEOFOPERATOR": null,
        "ORIGIN": "AIP",
        "LOCATION": "BORLÄNGE TMA",
        "UPPER": null,
        "LOWER": null,
        "WEF": "2025-02-20",
        "COMMENT_1": null,
        "COMMENT_2": null,
        "QUALITY": "ROUTINE",
        "CRC_ID": null,
        "CRC_POS": null,
        "CRC_TOT": null,
        "MSID": 3973,
        "IDNR": 7483,
        "MI_STYLE": null
      }
    },
    {
      "type": "Feature",
      "id": "TMAW.7484",
      "geometry": {
        "type": "Polygon",
        "coordinates": [
          [
            [12.4975, 58.76611111],
            [13.16388889, 58.73277778],
            [13.32444444, 58.51694444],
            [13.32444444, 58.29527778],
            [13.27694444, 58.09694444],
            [13.19916667, 57.76722222],
            [12.69583333, 57.2275],
            [11.76611111, 56.98555556],
            [11.58277778, 57.21361111],
            [11.14055556, 57.75138889],
            [11.45027778, 58.12777778],
            [11.9975, 58.46527778],
            [12.29555556, 58.64555556],
            [12.4975, 58.76611111]
          ]
        ]
      },
      "geometry_name": "GEOMETRY",
      "properties": {
        "TYPEOFAREA": "TMAW",
        "NAMEOFAREA": "GÖTEBORG TMA",
        "POSITIONINDICATOR": "ESGG",
        "DATETIMEOFCHG": null,
        "NAMEOFOPERATOR": null,
        "ORIGIN": "AIP",
        "LOCATION": "GÖTEBORG TMA",
        "UPPER": null,
        "LOWER": null,
        "WEF": "2025-02-20",
        "COMMENT_1": null,
        "COMMENT_2": null,
        "QUALITY": "ROUTINE",
        "CRC_ID": null,
        "CRC_POS": null,
        "CRC_TOT": null,
        "MSID": 3975,
        "IDNR": 7484,
        "MI_STYLE": null
      }
    },
    {
      "type": "Feature",
      "id": "TMAW.7485",
      "geometry": {
        "type": "Polygon",
        "coordinates": [
          [
            [14.84805556, 58.10777778],
            [14.93777778, 57.96805556],
            [14.70944444, 57.71416667],
            [14.47805556, 57.66305556],
            [14.42027778, 57.65027778],
            [14.10527778, 57.43083333],
            [14.05333333, 57.21194444],
            [13.80027778, 57.22111111],
            [13.60722222, 57.53666667],
            [13.96777778, 58.03388889],
            [14.32166667, 58.06416667],
            [14.84805556, 58.10777778]
          ]
        ]
      },
      "geometry_name": "GEOMETRY",
      "properties": {
        "TYPEOFAREA": "TMAW",
        "NAMEOFAREA": "JÖNKÖPING TMA",
        "POSITIONINDICATOR": "ESGJ",
        "DATETIMEOFCHG": null,
        "NAMEOFOPERATOR": null,
        "ORIGIN": "AIP",
        "LOCATION": "JÖNKÖPING TMA",
        "UPPER": null,
        "LOWER": null,
        "WEF": "2025-02-20",
        "COMMENT_1": null,
        "COMMENT_2": null,
        "QUALITY": "ROUTINE",
        "CRC_ID": null,
        "CRC_POS": null,
        "CRC_TOT": null,
        "MSID": 3976,
        "IDNR": 7485,
        "MI_STYLE": null
      }
    },
    {
      "type": "Feature",
      "id": "TMAW.7486",
      "geometry": {
        "type": "Polygon",
        "coordinates": [
          [
            [16.19138889, 57.22333333],
            [16.46861111, 57.21611111],
            [16.57055556, 56.96333333],
            [16.675, 56.70055556],
            [16.66361111, 56.49972222],
            [16.32555556, 56.40333333],
            [16.09138889, 56.38583333],
            [15.84166667, 56.65833333],
            [15.9275, 56.97888889],
            [16.19138889, 57.22333333]
          ]
        ]
      },
      "geometry_name": "GEOMETRY",
      "properties": {
        "TYPEOFAREA": "TMAW",
        "NAMEOFAREA": "KALMAR TMA",
        "POSITIONINDICATOR": "ESMQ",
        "DATETIMEOFCHG": null,
        "NAMEOFOPERATOR": null,
        "ORIGIN": "AIP",
        "LOCATION": "KALMAR TMA",
        "UPPER": null,
        "LOWER": null,
        "WEF": "2025-02-20",
        "COMMENT_1": null,
        "COMMENT_2": null,
        "QUALITY": "ROUTINE",
        "CRC_ID": null,
        "CRC_POS": null,
        "CRC_TOT": null,
        "MSID": 3977,
        "IDNR": 7486,
        "MI_STYLE": null
      }
    },
    {
      "type": "Feature",
      "id": "TMAW.7487",
      "geometry": {
        "type": "Polygon",
        "coordinates": [
          [
            [14.20138889, 59.78666667],
            [14.29333333, 59.65416667],
            [13.96388889, 59.42833333],
            [13.325, 59.11722222],
            [13.08472222, 58.90972222],
            [12.83055556, 58.93805556],
            [12.90916667, 59.22444444],
            [13.02361111, 59.52138889],
            [13.42555556, 59.77611111],
            [13.59361111, 59.77888889],
            [14.20138889, 59.78666667]
          ]
        ]
      },
      "geometry_name": "GEOMETRY",
      "properties": {
        "TYPEOFAREA": "TMAW",
        "NAMEOFAREA": "KARLSTAD TMA",
        "POSITIONINDICATOR": "ESOK",
        "DATETIMEOFCHG": null,
        "NAMEOFOPERATOR": null,
        "ORIGIN": "AIP",
        "LOCATION": "KARLSTAD TMA",
        "UPPER": null,
        "LOWER": null,
        "WEF": "2025-02-20",
        "COMMENT_1": null,
        "COMMENT_2": null,
        "QUALITY": "ROUTINE",
        "CRC_ID": null,
        "CRC_POS": null,
        "CRC_TOT": null,
        "MSID": 3978,
        "IDNR": 7487,
        "MI_STYLE": null
      }
    },
    {
      "type": "Feature",
      "id": "TMAW.7488",
      "geometry": {
        "type": "Polygon",
        "coordinates": [
          [
            [20.39888889, 68.16194444],
            [20.81222222, 67.99],
            [20.91222222, 67.79027778],
            [20.91777778, 67.51527778],
            [20.91777778, 67.39861111],
            [20.49555556, 67.33194444],
            [19.99583333, 67.35694444],
            [19.91833333, 67.54],
            [19.82916667, 67.74861111],
            [20.03888889, 67.85694444],
            [20.07972222, 67.985],
            [20.39888889, 68.16194444]
          ]
        ]
      },
      "geometry_name": "GEOMETRY",
      "properties": {
        "TYPEOFAREA": "TMAW",
        "NAMEOFAREA": "KIRUNA TMA",
        "POSITIONINDICATOR": "ESNQ",
        "DATETIMEOFCHG": null,
        "NAMEOFOPERATOR": null,
        "ORIGIN": "AIP",
        "LOCATION": "KIRUNA TMA",
        "UPPER": null,
        "LOWER": null,
        "WEF": "2025-02-20",
        "COMMENT_1": null,
        "COMMENT_2": null,
        "QUALITY": "ROUTINE",
        "CRC_ID": null,
        "CRC_POS": null,
        "CRC_TOT": null,
        "MSID": 3979,
        "IDNR": 7488,
        "MI_STYLE": null
      }
    },
    {
      "type": "Feature",
      "id": "TMAW.7489",
      "geometry": {
        "type": "Polygon",
        "coordinates": [
          [
            [14.85944444, 57.48166667],
            [15.10194444, 57.44833333],
            [15.16972222, 57.23777778],
            [15.07416667, 57.16916667],
            [15.0025, 57.11777778],
            [14.79722222, 56.69055556],
            [14.53361111, 56.63416667],
            [14.35555556, 56.59555556],
            [14.16388889, 56.5075],
            [13.92527778, 56.61138889],
            [14.07722222, 56.87805556],
            [14.42472222, 56.99972222],
            [14.62861111, 57.2275],
            [14.85944444, 57.48166667]
          ]
        ]
      },
      "geometry_name": "GEOMETRY",
      "properties": {
        "TYPEOFAREA": "TMAW",
        "NAMEOFAREA": "KRONOBERG TMA",
        "POSITIONINDICATOR": "ESMX",
        "DATETIMEOFCHG": null,
        "NAMEOFOPERATOR": null,
        "ORIGIN": "AIP",
        "LOCATION": "KRONOBERG TMA",
        "UPPER": null,
        "LOWER": null,
        "WEF": "2025-02-20",
        "COMMENT_1": null,
        "COMMENT_2": null,
        "QUALITY": "ROUTINE",
        "CRC_ID": null,
        "CRC_POS": null,
        "CRC_TOT": null,
        "MSID": 3980,
        "IDNR": 7489,
        "MI_STYLE": null
      }
    },
    {
      "type": "Feature",
      "id": "TMAW.7490",
      "geometry": {
        "type": "Polygon",
        "coordinates": [
          [
            [22.04555556, 66.00694444],
            [22.13166667, 65.95861111],
            [22.45166667, 65.77666667],
            [23.02861111, 65.44055556],
            [22.56972222, 65.105],
            [22.37916667, 65.06972222],
            [22.15527778, 65.02694444],
            [21.86611111, 64.87416667],
            [20.94805556, 65.08166667],
            [21.155, 65.23694444],
            [21.19861111, 65.55916667],
            [21.20472222, 65.60611111],
            [21.24555556, 65.89861111],
            [21.49555556, 65.94861111],
            [22.04555556, 66.00694444]
          ]
        ]
      },
      "geometry_name": "GEOMETRY",
      "properties": {
        "TYPEOFAREA": "TMAW",
        "NAMEOFAREA": "LULEÅ TMA",
        "POSITIONINDICATOR": "ESPA",
        "DATETIMEOFCHG": null,
        "NAMEOFOPERATOR": null,
        "ORIGIN": "AIP",
        "LOCATION": "LULEÅ TMA",
        "UPPER": null,
        "LOWER": null,
        "WEF": "2025-02-20",
        "COMMENT_1": null,
        "COMMENT_2": null,
        "QUALITY": "ROUTINE",
        "CRC_ID": null,
        "CRC_POS": null,
        "CRC_TOT": null,
        "MSID": 3981,
        "IDNR": 7490,
        "MI_STYLE": null
      }
    },
    {
      "type": "Feature",
      "id": "TMAW.7491",
      "geometry": {
        "type": "Polygon",
        "coordinates": [
          [
            [14.92583333, 59.5675],
            [15.40361111, 59.54111111],
            [15.98527778, 59.50666667],
            [15.99416667, 59.30166667],
            [15.5275, 59.18916667],
            [15.31222222, 58.93888889],
            [15.00638889, 58.81055556],
            [14.92055556, 58.77416667],
            [14.54611111, 58.72138889],
            [14.34777778, 58.80555556],
            [14.27055556, 59.01527778],
            [14.45444444, 59.08555556],
            [14.70277778, 59.17944444],
            [14.92583333, 59.5675]
          ]
        ]
      },
      "geometry_name": "GEOMETRY",
      "properties": {
        "TYPEOFAREA": "TMAW",
        "NAMEOFAREA": "ÖREBRO TMA",
        "POSITIONINDICATOR": "ESOE",
        "DATETIMEOFCHG": null,
        "NAMEOFOPERATOR": null,
        "ORIGIN": "AIP",
        "LOCATION": "ÖREBRO TMA",
        "UPPER": null,
        "LOWER": null,
        "WEF": "2025-02-20",
        "COMMENT_1": null,
        "COMMENT_2": null,
        "QUALITY": "ROUTINE",
        "CRC_ID": null,
        "CRC_POS": null,
        "CRC_TOT": null,
        "MSID": 3982,
        "IDNR": 7491,
        "MI_STYLE": null
      }
    },
    {
      "type": "Feature",
      "id": "TMAW.7492",
      "geometry": {
        "type": "Polygon",
        "coordinates": [
          [
            [16.70777778, 59.01194444],
            [17.22333333, 58.97861111],
            [17.40777778, 58.96611111],
            [17.45694444, 58.61638889],
            [17.215, 58.36638889],
            [17.04777778, 58.26166667],
            [16.43222222, 58.12444444],
            [16.07694444, 57.86944444],
            [15.7775, 57.94194444],
            [14.85972222, 58.13611111],
            [14.88861111, 58.24138889],
            [15.04027778, 58.4275],
            [15.24416667, 58.67444444],
            [15.89777778, 58.79972222],
            [16.20111111, 58.85638889],
            [16.67166667, 58.9425],
            [16.70777778, 59.01194444]
          ]
        ]
      },
      "geometry_name": "GEOMETRY",
      "properties": {
        "TYPEOFAREA": "TMAW",
        "NAMEOFAREA": "ÖSTGÖTA TMA",
        "POSITIONINDICATOR": "ESSP",
        "DATETIMEOFCHG": null,
        "NAMEOFOPERATOR": null,
        "ORIGIN": "AIP",
        "LOCATION": "ÖSTGÖTA TMA",
        "UPPER": null,
        "LOWER": null,
        "WEF": "2025-02-20",
        "COMMENT_1": null,
        "COMMENT_2": null,
        "QUALITY": "ROUTINE",
        "CRC_ID": null,
        "CRC_POS": null,
        "CRC_TOT": null,
        "MSID": 3983,
        "IDNR": 7492,
        "MI_STYLE": null
      }
    },
    {
      "type": "Feature",
      "id": "TMAW.7493",
      "geometry": {
        "type": "Polygon",
        "coordinates": [
          [
            [15.11611111, 56.68888889],
            [15.84166667, 56.65833333],
            [16.09138889, 56.38583333],
            [15.64416667, 56.19444444],
            [15.56361111, 55.90833333],
            [14.81388889, 55.96944444],
            [14.89722222, 56.55916667],
            [15.11611111, 56.68888889]
          ]
        ]
      },
      "geometry_name": "GEOMETRY",
      "properties": {
        "TYPEOFAREA": "TMAW",
        "NAMEOFAREA": "RONNEBY TMA",
        "POSITIONINDICATOR": "ESDF",
        "DATETIMEOFCHG": null,
        "NAMEOFOPERATOR": null,
        "ORIGIN": "AIP",
        "LOCATION": "RONNEBY TMA",
        "UPPER": "FL 95",
        "LOWER": "1500",
        "WEF": "2025-02-20",
        "COMMENT_1": "C",
        "COMMENT_2": null,
        "QUALITY": "ROUTINE",
        "CRC_ID": null,
        "CRC_POS": null,
        "CRC_TOT": null,
        "MSID": 3984,
        "IDNR": 7493,
        "MI_STYLE": null
      }
    },
    {
      "type": "Feature",
      "id": "TMAW.7494",
      "geometry": {
        "type": "Polygon",
        "coordinates": [
          [
            [20.94805556, 65.08166667],
            [21.86611111, 64.87416667],
            [21.79583333, 64.83666667],
            [21.79055556, 64.70916667],
            [21.77972222, 64.645],
            [21.52, 64.34472222],
            [21.35555556, 64.18666667],
            [20.19361111, 64.27444444],
            [20.34111111, 64.48111111],
            [20.56555556, 64.78888889],
            [20.63944444, 64.84611111],
            [20.94805556, 65.08166667]
          ]
        ]
      },
      "geometry_name": "GEOMETRY",
      "properties": {
        "TYPEOFAREA": "TMAW",
        "NAMEOFAREA": "SKELLEFTEÅ TMA",
        "POSITIONINDICATOR": "ESNS",
        "DATETIMEOFCHG": null,
        "NAMEOFOPERATOR": null,
        "ORIGIN": "AIP",
        "LOCATION": "SKELLEFTEÅ TMA",
        "UPPER": null,
        "LOWER": null,
        "WEF": "2025-02-20",
        "COMMENT_1": null,
        "COMMENT_2": null,
        "QUALITY": "ROUTINE",
        "CRC_ID": null,
        "CRC_POS": null,
        "CRC_TOT": null,
        "MSID": 3985,
        "IDNR": 7494,
        "MI_STYLE": null
      }
    },
    {
      "type": "Feature",
      "id": "TMAW.7495",
      "geometry": {
        "type": "Polygon",
        "coordinates": [
          [
            [18.21305556, 60.29944444],
            [18.55472222, 60.26611111],
            [18.84694444, 59.88277778],
            [19.31361111, 60.03527778],
            [19.82805556, 59.67361111],
            [19.27361111, 59.59944444],
            [18.96833333, 59.255],
            [18.75472222, 59.04194444],
            [18.53944444, 58.8325],
            [18.45722222, 58.7525],
            [17.93277778, 58.58305556],
            [17.45694444, 58.61638889],
            [17.40777778, 58.96611111],
            [17.22333333, 58.97861111],
            [16.70777778, 59.01194444],
            [16.26777778, 59.04944444],
            [16.31833333, 59.32388889],
            [16.44666667, 59.74944444],
            [17.59666667, 60.23277778],
            [18.21305556, 60.29944444]
          ]
        ]
      },
      "geometry_name": "GEOMETRY",
      "properties": {
        "TYPEOFAREA": "TMAW",
        "NAMEOFAREA": "STOCKHOLM TMA",
        "POSITIONINDICATOR": "ESSA",
        "DATETIMEOFCHG": null,
        "NAMEOFOPERATOR": null,
        "ORIGIN": "AIP",
        "LOCATION": "STOCKHOLM TMA",
        "UPPER": null,
        "LOWER": null,
        "WEF": "2025-02-20",
        "COMMENT_1": null,
        "COMMENT_2": "Prior Notice required for certain operations within TMA.\nTypes of traffic affected, see AD 2-ESSA para 2.23.",
        "QUALITY": "ROUTINE",
        "CRC_ID": null,
        "CRC_POS": null,
        "CRC_TOT": null,
        "MSID": 3986,
        "IDNR": 7495,
        "MI_STYLE": null
      }
    },
    {
      "type": "Feature",
      "id": "TMAW.7496",
      "geometry": {
        "type": "Polygon",
        "coordinates": [
          [
            [17.89916667, 63.06694444],
            [18.06083333, 62.98055556],
            [18.25416667, 62.87611111],
            [18.21083333, 62.61777778],
            [18.14333333, 62.20472222],
            [18.04444444, 61.92861111],
            [17.6325, 61.87055556],
            [17.45805556, 61.86],
            [16.92416667, 62.0375],
            [16.81222222, 62.10055556],
            [16.62888889, 62.40444444],
            [16.67305556, 62.6575],
            [16.71611111, 62.905],
            [17.56416667, 63.02222222],
            [17.89916667, 63.06694444]
          ]
        ]
      },
      "geometry_name": "GEOMETRY",
      "properties": {
        "TYPEOFAREA": "TMAW",
        "NAMEOFAREA": "SUNDSVALL TMA",
        "POSITIONINDICATOR": "ESNN",
        "DATETIMEOFCHG": null,
        "NAMEOFOPERATOR": null,
        "ORIGIN": "AIP",
        "LOCATION": "SUNDSVALL TMA",
        "UPPER": null,
        "LOWER": null,
        "WEF": "2025-02-20",
        "COMMENT_1": null,
        "COMMENT_2": null,
        "QUALITY": "ROUTINE",
        "CRC_ID": null,
        "CRC_POS": null,
        "CRC_TOT": null,
        "MSID": 3987,
        "IDNR": 7496,
        "MI_STYLE": null
      }
    },
    {
      "type": "Feature",
      "id": "TMAW.7497",
      "geometry": {
        "type": "Polygon",
        "coordinates": [
          [
            [20.19361111, 64.27444444],
            [21.35555556, 64.18666667],
            [20.94416667, 63.78305556],
            [20.64638889, 63.48111111],
            [20.42333333, 63.37888889],
            [20.09444444, 63.20444444],
            [19.71777778, 63.39888889],
            [19.04805556, 63.73555556],
            [19.33361111, 63.8725],
            [20.10972222, 64.23583333],
            [20.19361111, 64.27444444]
          ]
        ]
      },
      "geometry_name": "GEOMETRY",
      "properties": {
        "TYPEOFAREA": "TMAW",
        "NAMEOFAREA": "UMEÅ TMA",
        "POSITIONINDICATOR": "ESNU",
        "DATETIMEOFCHG": null,
        "NAMEOFOPERATOR": null,
        "ORIGIN": "AIP",
        "LOCATION": "UMEÅ TMA",
        "UPPER": null,
        "LOWER": null,
        "WEF": "2025-02-20",
        "COMMENT_1": null,
        "COMMENT_2": null,
        "QUALITY": "ROUTINE",
        "CRC_ID": null,
        "CRC_POS": null,
        "CRC_TOT": null,
        "MSID": 3988,
        "IDNR": 7497,
        "MI_STYLE": null
      }
    },
    {
      "type": "Feature",
      "id": "TMAW.7499",
      "geometry": {
        "type": "Polygon",
        "coordinates": [
          [
            [18.56083333, 58.25416667],
            [18.67527778, 58.07833333],
            [18.91277778, 57.70694444],
            [18.56055556, 57.33194444],
            [17.83805556, 57.45805556],
            [17.81472222, 57.91388889],
            [17.83861111, 58.17555556],
            [18.56083333, 58.25416667]
          ]
        ]
      },
      "geometry_name": "GEOMETRY",
      "properties": {
        "TYPEOFAREA": "TMAW",
        "NAMEOFAREA": "VISBY TMA",
        "POSITIONINDICATOR": "ESSV",
        "DATETIMEOFCHG": null,
        "NAMEOFOPERATOR": null,
        "ORIGIN": "AIP",
        "LOCATION": "VISBY TMA",
        "UPPER": null,
        "LOWER": null,
        "WEF": "2025-02-20",
        "COMMENT_1": null,
        "COMMENT_2": null,
        "QUALITY": "ROUTINE",
        "CRC_ID": null,
        "CRC_POS": null,
        "CRC_TOT": null,
        "MSID": 3990,
        "IDNR": 7499,
        "MI_STYLE": null
      }
    },
    {
      "type": "Feature",
      "id": "TMAW.7500",
      "geometry": {
        "type": "Polygon",
        "coordinates": [
          [
            [13.41222222, 56.32222222],
            [13.72416667, 56.01],
            [13.52083333, 55.91444444],
            [13.46388889, 55.925],
            [13.10722222, 55.93555556],
            [12.86555556, 55.97611111],
            [12.80777778, 56.19666667],
            [13.41222222, 56.32222222]
          ]
        ]
      },
      "geometry_name": "GEOMETRY",
      "properties": {
        "TYPEOFAREA": "TMAW",
        "NAMEOFAREA": "LJUNGBYHED TMA",
        "POSITIONINDICATOR": "ESTL",
        "DATETIMEOFCHG": null,
        "NAMEOFOPERATOR": null,
        "ORIGIN": "AIP",
        "LOCATION": "LJUNGBYHED TMA",
        "UPPER": null,
        "LOWER": null,
        "WEF": "2025-02-20",
        "COMMENT_1": null,
        "COMMENT_2": null,
        "QUALITY": "ROUTINE",
        "CRC_ID": null,
        "CRC_POS": null,
        "CRC_TOT": null,
        "MSID": 5478,
        "IDNR": 7500,
        "MI_STYLE": null
      }
    },
    {
      "type": "Feature",
      "id": "TMAW.7501",
      "geometry": {
        "type": "Polygon",
        "coordinates": [
          [
            [13.43222222, 57.12166667],
            [13.51333333, 57.0075],
            [13.24722222, 56.75972222],
            [13.15222222, 56.67027778],
            [13.07055556, 56.58888889],
            [12.95888889, 56.47666667],
            [12.76694444, 56.43805556],
            [12.62305556, 56.46527778],
            [12.56833333, 56.55083333],
            [12.55388889, 56.61777778],
            [12.54694444, 56.65111111],
            [12.64861111, 56.945],
            [13.12944444, 57.05416667],
            [13.43222222, 57.12166667]
          ]
        ]
      },
      "geometry_name": "GEOMETRY",
      "properties": {
        "TYPEOFAREA": "TMAW",
        "NAMEOFAREA": "HALMSTAD TMA",
        "POSITIONINDICATOR": "ESMT",
        "DATETIMEOFCHG": null,
        "NAMEOFOPERATOR": null,
        "ORIGIN": "AIP",
        "LOCATION": "HALMSTAD TMA",
        "UPPER": null,
        "LOWER": null,
        "WEF": "2025-02-20",
        "COMMENT_1": null,
        "COMMENT_2": null,
        "QUALITY": "ROUTINE",
        "CRC_ID": null,
        "CRC_POS": null,
        "CRC_TOT": null,
        "MSID": 5479,
        "IDNR": 7501,
        "MI_STYLE": null
      }
    },
    {
      "type": "Feature",
      "id": "TMAW.7502",
      "geometry": {
        "type": "Polygon",
        "coordinates": [
          [
            [13.24722222, 56.75972222],
            [13.44277778, 56.67916667],
            [13.41222222, 56.32222222],
            [13.175, 56.12277778],
            [13.04611111, 56.06027778],
            [12.9825, 56.08722222],
            [12.80777778, 56.19666667],
            [12.44277778, 56.38666667],
            [12.56833333, 56.55083333],
            [12.74805556, 56.53916667],
            [13.07055556, 56.58888889],
            [13.15222222, 56.67027778],
            [13.24722222, 56.75972222]
          ]
        ]
      },
      "geometry_name": "GEOMETRY",
      "properties": {
        "TYPEOFAREA": "TMAW",
        "NAMEOFAREA": "ÄNGELHOLM TMA",
        "POSITIONINDICATOR": "ESTA",
        "DATETIMEOFCHG": null,
        "NAMEOFOPERATOR": null,
        "ORIGIN": "AIP",
        "LOCATION": "ÄNGELHOLM TMA",
        "UPPER": null,
        "LOWER": null,
        "WEF": "2025-02-20",
        "COMMENT_1": null,
        "COMMENT_2": null,
        "QUALITY": "ROUTINE",
        "CRC_ID": null,
        "CRC_POS": null,
        "CRC_TOT": null,
        "MSID": 5505,
        "IDNR": 7502,
        "MI_STYLE": null
      }
    },
    {
      "type": "Feature",
      "id": "TMAW.7503",
      "geometry": {
        "type": "Polygon",
        "coordinates": [
          [
            [14.32083333, 56.47722222],
            [14.39694444, 56.21527778],
            [14.29472222, 55.6775],
            [14.01861111, 55.62611111],
            [13.80166667, 55.70444444],
            [13.83388889, 55.85638889],
            [13.86444444, 56],
            [13.91222222, 56.22111111],
            [13.93416667, 56.47694444],
            [14.32083333, 56.47722222]
          ]
        ]
      },
      "geometry_name": "GEOMETRY",
      "properties": {
        "TYPEOFAREA": "TMAW",
        "NAMEOFAREA": "KRISTIANSTAD TMA",
        "POSITIONINDICATOR": "ESMK",
        "DATETIMEOFCHG": null,
        "NAMEOFOPERATOR": null,
        "ORIGIN": "AIP",
        "LOCATION": "KRISTIANSTAD TMA",
        "UPPER": null,
        "LOWER": null,
        "WEF": "2025-02-20",
        "COMMENT_1": null,
        "COMMENT_2": null,
        "QUALITY": "ROUTINE",
        "CRC_ID": null,
        "CRC_POS": null,
        "CRC_TOT": null,
        "MSID": 5518,
        "IDNR": 7503,
        "MI_STYLE": null
      }
    },
    {
      "type": "Feature",
      "id": "TMAW.7504",
      "geometry": {
        "type": "Polygon",
        "coordinates": [
          [
            [14.30777778, 55.29055556],
            [14.41472222, 55.25944444],
            [14.42476813, 55.26496891],
            [14.43698697, 55.27126568],
            [14.449586, 55.27731455],
            [14.46254984, 55.28310815],
            [14.47586263, 55.28863943],
            [14.48950809, 55.29390163],
            [14.50346954, 55.29888835],
            [14.51772986, 55.30359352],
            [14.53227158, 55.3080114],
            [14.54707687, 55.31213662],
            [14.56212757, 55.31596414],
            [14.5774052, 55.3194893],
            [14.592891, 55.32270781],
            [14.60856596, 55.32561576],
            [14.6244108, 55.32820958],
            [14.64040605, 55.33048614],
            [14.65653205, 55.33244264],
            [14.67276895, 55.33407672],
            [14.6890968, 55.33538637],
            [14.70549549, 55.33637002],
            [14.72194485, 55.33702644],
            [14.73842464, 55.33735486],
            [14.75491458, 55.33735486],
            [14.77139437, 55.33702644],
            [14.78784373, 55.33637002],
            [14.80424242, 55.33538637],
            [14.82057027, 55.33407672],
            [14.83680717, 55.33244264],
            [14.85293317, 55.33048614],
            [14.86892842, 55.32820958],
            [14.88477327, 55.32561576],
            [14.90044822, 55.32270781],
            [14.91593402, 55.3194893],
            [14.93121166, 55.31596414],
            [14.94626235, 55.31213662],
            [14.96106764, 55.3080114],
            [14.97560936, 55.30359352],
            [14.98986968, 55.29888835],
            [15.00383113, 55.29390163],
            [15.0174766, 55.28863943],
            [15.03078939, 55.28310815],
            [15.04375322, 55.27731455],
            [15.05635225, 55.27126568],
            [15.06857109, 55.26496891],
            [15.08039484, 55.2584319],
            [15.09180903, 55.25166261],
            [15.10279985, 55.24466932],
            [15.1133539, 55.23746053],
            [15.12345836, 55.23004503],
            [15.13310096, 55.22243185],
            [15.14227003, 55.21463028],
            [15.15095446, 55.2066498],
            [15.15914378, 55.19850015],
            [15.1668281, 55.19019126],
            [15.17399821, 55.18173325],
            [15.18064542, 55.17313641],
            [15.18676181, 55.16441123],
            [15.19234009, 55.15556833],
            [15.1973736, 55.1466185],
            [15.20185639, 55.13757264],
            [15.20578317, 55.12844176],
            [15.20914933, 55.11923699],
            [15.21195095, 55.10996955],
            [15.21418483, 55.10065072],
            [15.21584842, 55.09129187],
            [15.21693991, 55.08190439],
            [15.21745816, 55.07249972],
            [15.21740275, 55.06308931],
            [15.21677394, 55.05368464],
            [15.2155727, 55.04429716],
            [15.2138007, 55.03493831],
            [15.2114603, 55.02561948],
            [15.20855453, 55.01635204],
            [15.20508712, 55.00714727],
            [15.20106249, 54.99801639],
            [15.19648571, 54.98897053],
            [15.19136254, 54.9800207],
            [15.18569937, 54.9711778],
            [15.17950325, 54.96245262],
            [15.17278189, 54.95385578],
            [15.16554359, 54.94539776],
            [15.15779731, 54.93708886],
            [15.14955259, 54.92893921],
            [15.14081957, 54.92095873],
            [15.13160899, 54.91315715],
            [15.12193214, 54.90554397],
            [15.11180086, 54.89812847],
            [15.10122756, 54.89091969],
            [15.09022514, 54.8839264],
            [15.07880703, 54.87715713],
            [15.06698715, 54.87062013],
            [15.05477989, 54.86432336],
            [15.04220011, 54.85827448],
            [15.02926309, 54.85248088],
            [15.01598454, 54.84694961],
            [15.00238059, 54.84168741],
            [14.98846773, 54.83670068],
            [14.97426282, 54.83199551],
            [14.95978308, 54.82757763],
            [14.94504602, 54.82345242],
            [14.93006948, 54.8196249],
            [14.91487157, 54.81609973],
            [14.89947067, 54.81288122],
            [14.88388537, 54.80997328],
            [14.86813452, 54.80737945],
            [14.85223712, 54.8051029],
            [14.83621237, 54.80314639],
            [14.82007961, 54.80151231],
            [14.8038583, 54.80020266],
            [14.78756801, 54.79921902],
            [14.7712284, 54.79856259],
            [14.75485917, 54.79823418],
            [14.73848006, 54.79823418],
            [14.72211082, 54.79856259],
            [14.70577121, 54.79921902],
            [14.68948092, 54.80020266],
            [14.67325962, 54.80151231],
            [14.65712685, 54.80314639],
            [14.6411021, 54.8051029],
            [14.6252047, 54.80737945],
            [14.60945385, 54.80997328],
            [14.59386856, 54.81288122],
            [14.57846765, 54.81609973],
            [14.56326974, 54.8196249],
            [14.5482932, 54.82345242],
            [14.53355615, 54.82757763],
            [14.5190764, 54.83199551],
            [14.50487149, 54.83670068],
            [14.49095863, 54.84168741],
            [14.47735468, 54.84694961],
            [14.46407614, 54.85248088],
            [14.45113912, 54.85827448],
            [14.43855933, 54.86432336],
            [14.42635207, 54.87062013],
            [14.41453219, 54.87715713],
            [14.40311409, 54.8839264],
            [14.39211167, 54.89091969],
            [14.38153836, 54.89812847],
            [14.37140709, 54.90554397],
            [14.36173023, 54.91315715],
            [14.3575, 54.91666667],
            [14.16666667, 54.91666667],
            [14.16666667, 55.17583333],
            [14.30777778, 55.29055556]
          ]
        ]
      },
      "geometry_name": "GEOMETRY",
      "properties": {
        "TYPEOFAREA": "TMAW",
        "NAMEOFAREA": "ROENNE TMA",
        "POSITIONINDICATOR": "EKRN",
        "DATETIMEOFCHG": null,
        "NAMEOFOPERATOR": null,
        "ORIGIN": "AIP",
        "LOCATION": "ROENNE TMA",
        "UPPER": "FL 95",
        "LOWER": "4500",
        "WEF": "2025-02-20",
        "COMMENT_1": "E",
        "COMMENT_2": "Restricted area EK R95 and R96 are situated within TMA",
        "QUALITY": "ROUTINE",
        "CRC_ID": null,
        "CRC_POS": null,
        "CRC_TOT": null,
        "MSID": 7117,
        "IDNR": 7504,
        "MI_STYLE": null
      }
    },
    {
      "type": "Feature",
      "id": "TMAW.7505",
      "geometry": {
        "type": "Polygon",
        "coordinates": [
          [
            [13.84916667, 63.59777778],
            [14.48833333, 63.48472222],
            [15.27833333, 63.33972222],
            [15.5975, 63.27944444],
            [15.30083333, 62.76111111],
            [15.05194444, 62.6875],
            [14.27805556, 62.71583333],
            [14.0325, 62.97861111],
            [13.34722222, 63.16722222],
            [13.53, 63.32583333],
            [13.84916667, 63.59777778]
          ]
        ]
      },
      "geometry_name": "GEOMETRY",
      "properties": {
        "TYPEOFAREA": "TMAW",
        "NAMEOFAREA": "ÖSTERSUND TMA",
        "POSITIONINDICATOR": "ESNZ",
        "DATETIMEOFCHG": null,
        "NAMEOFOPERATOR": null,
        "ORIGIN": "AIP",
        "LOCATION": "ÖSTERSUND TMA",
        "UPPER": null,
        "LOWER": null,
        "WEF": "2025-02-20",
        "COMMENT_1": null,
        "COMMENT_2": null,
        "QUALITY": "ROUTINE",
        "CRC_ID": null,
        "CRC_POS": null,
        "CRC_TOT": null,
        "MSID": 7874,
        "IDNR": 7505,
        "MI_STYLE": null
      }
    },
    {
      "type": "Feature",
      "id": "TMAW.7506",
      "geometry": {
        "type": "Polygon",
        "coordinates": [
          [
            [12.44277778, 56.38666667],
            [13.41222222, 56.32222222],
            [13.91222222, 56.22111111],
            [14.29472222, 55.6775],
            [14.30777778, 55.29055556],
            [14.16666667, 55.17583333],
            [14.16666667, 54.91666667],
            [13, 54.91666667],
            [12.99888889, 55.24944444],
            [13.11555556, 55.73277778],
            [12.86555556, 55.97611111],
            [12.73222222, 55.99944444],
            [12.67944444, 56.03277778],
            [12.65694444, 56.03277778],
            [12.655, 56.040556],
            [12.6525, 56.045833],
            [12.646389, 56.053333],
            [12.643889, 56.056111],
            [12.640278, 56.058333],
            [12.630145, 56.063234],
            [12.615, 56.072222],
            [12.594722, 56.085],
            [12.583611, 56.091667],
            [12.559167, 56.105],
            [12.551667, 56.108611],
            [12.535556, 56.116667],
            [12.496111, 56.133611],
            [12.479722, 56.142222],
            [12.47, 56.146389],
            [12.451944, 56.158333],
            [12.445278, 56.163056],
            [12.442283, 56.164901],
            [12.44277778, 56.38666667]
          ]
        ]
      },
      "geometry_name": "GEOMETRY",
      "properties": {
        "TYPEOFAREA": "TMAW",
        "NAMEOFAREA": "MALMÖ TMA ",
        "POSITIONINDICATOR": "ESMS",
        "DATETIMEOFCHG": null,
        "NAMEOFOPERATOR": null,
        "ORIGIN": "AIP",
        "LOCATION": "MALMÖ TMA ",
        "UPPER": null,
        "LOWER": null,
        "WEF": "2025-02-20",
        "COMMENT_1": null,
        "COMMENT_2": null,
        "QUALITY": "ROUTINE",
        "CRC_ID": null,
        "CRC_POS": null,
        "CRC_TOT": null,
        "MSID": 8009,
        "IDNR": 7506,
        "MI_STYLE": null
      }
    },
    {
      "type": "Feature",
      "id": "TMAW.7507",
      "geometry": {
        "type": "Polygon",
        "coordinates": [
          [
            [14.79666667, 58.82833333],
            [14.98277778, 58.74666667],
            [15.24416667, 58.67444444],
            [15.04027778, 58.4275],
            [14.16388889, 58.24305556],
            [13.8925, 58.51555556],
            [14.54611111, 58.72138889],
            [14.79666667, 58.82833333]
          ]
        ]
      },
      "geometry_name": "GEOMETRY",
      "properties": {
        "TYPEOFAREA": "TMAW",
        "NAMEOFAREA": "KARLSBORG TMA",
        "POSITIONINDICATOR": "ESIA",
        "DATETIMEOFCHG": null,
        "NAMEOFOPERATOR": null,
        "ORIGIN": "AIP",
        "LOCATION": "KARLSBORG TMA",
        "UPPER": "FL 95",
        "LOWER": "1700",
        "WEF": "2025-02-20",
        "COMMENT_1": "C",
        "COMMENT_2": null,
        "QUALITY": "ROUTINE",
        "CRC_ID": null,
        "CRC_POS": null,
        "CRC_TOT": null,
        "MSID": 8035,
        "IDNR": 7507,
        "MI_STYLE": null
      }
    },
    {
      "type": "Feature",
      "id": "TMAW.7508",
      "geometry": {
        "type": "Polygon",
        "coordinates": [
          [
            [12.81388889, 61.47805556],
            [13.35138889, 61.30805556],
            [13.46, 61.22888889],
            [13.51722222, 61.00777778],
            [13.59194444, 60.71888889],
            [13.13333333, 60.57111111],
            [12.67416667, 60.73694444],
            [12.58083333, 61.04777778],
            [12.23944444, 61.28916667],
            [12.33388889, 61.37166667],
            [12.61638889, 61.46305556],
            [12.71222222, 61.47027778],
            [12.81388889, 61.47805556]
          ]
        ]
      },
      "geometry_name": "GEOMETRY",
      "properties": {
        "TYPEOFAREA": "TMAW",
        "NAMEOFAREA": "SÄLEN TMA",
        "POSITIONINDICATOR": "ESKS",
        "DATETIMEOFCHG": null,
        "NAMEOFOPERATOR": null,
        "ORIGIN": "AIP",
        "LOCATION": "SÄLEN TMA",
        "UPPER": null,
        "LOWER": null,
        "WEF": "2025-02-20",
        "COMMENT_1": null,
        "COMMENT_2": null,
        "QUALITY": "ROUTINE",
        "CRC_ID": null,
        "CRC_POS": null,
        "CRC_TOT": null,
        "MSID": 109922,
        "IDNR": 7508,
        "MI_STYLE": null
      }
    },
    {
      "type": "Feature",
      "id": "TMAW.7498",
      "geometry": {
        "type": "Polygon",
        "coordinates": [
          [
            [19.6875, 66.21527778],
            [19.88611111, 66.17444444],
            [21.24555556, 65.89861111],
            [20.76888889, 65.49638889],
            [19.35527778, 65.79833333],
            [19.19611111, 65.83194444],
            [19.6875, 66.21527778]
          ]
        ]
      },
      "geometry_name": "GEOMETRY",
      "properties": {
        "TYPEOFAREA": "TMAW",
        "NAMEOFAREA": "VIDSEL TMA",
        "POSITIONINDICATOR": "ESPE",
        "DATETIMEOFCHG": null,
        "NAMEOFOPERATOR": null,
        "ORIGIN": "AIP",
        "LOCATION": "VIDSEL TMA",
        "UPPER": null,
        "LOWER": null,
        "WEF": "2025-02-20",
        "COMMENT_1": "C",
        "COMMENT_2": null,
        "QUALITY": "ROUTINE",
        "CRC_ID": null,
        "CRC_POS": null,
        "CRC_TOT": null,
        "MSID": 3989,
        "IDNR": 7498,
        "MI_STYLE": null
      }
    }
  ],
  "totalFeatures": 129,
  "numberMatched": 129,
  "numberReturned": 129,
  "timeStamp": "2025-03-19T10:45:56.450Z",
  "crs": {
    "type": "name",
    "properties": {
      "name": "urn:ogc:def:crs:EPSG::4326"
    }
  }
}